id,hrTimesheetId,activityType,activityName,description,periodicity,weeklyQuantity,startDate,endDate,totalHours,status,catalogId,createdAt,updatedAt,taskId,priority,estimatedHours,dueDate,reminderDate,reminderTime,soundEnabled,sharedWith,complexity
_4yhqCMm6TFGH5vMpv_tX,xBAwVsFoqNocD6ffJlt95,REPORTING,Rapport mensuel,"Rapport mensuel d'activité RH mois d'octobre ",MONTHLY,1,2025-11-02 23:00:00,2025-11-02 23:00:00,4,IN_PROGRESS,c602b05d-44b3-4e68-803b-6e5d96337bda,2025-11-17 10:55:12.639,2025-11-17 10:56:53.743,2RweeUqct_NUlFUCCMLdx,,,,,,false,,
_7SaJZpzdEt4iRlPwiVJl,S0BsD2Y0Ydqcbn8lcY7_P,OPERATIONAL,AUTRES - Administration,Autres activités administratives: contrats d'objectifs des directeurs SEEG,PUNCTUAL,3,2025-12-07 23:00:00,2025-12-07 23:00:00,3,IN_PROGRESS,74b05556-0a1c-43da-9ed4-29ccacf137e5,2025-12-09 15:33:10.128,2025-12-09 15:33:10.128,frz6Piq_UOkACxDLli84H,,,,,,true,,
_lvUVcx0i7KvOzVD2vcy-,cnP49I-MMHv0YbXOBH5KF,OPERATIONAL,AUTRES - Développement/Learning,"Autres activités de développement et formation : Chapitre deux de la convention collective ",PUNCTUAL,1,2025-12-18 23:00:00,2025-12-18 23:00:00,1.5,COMPLETED,79de6ac6-cda7-45d0-a604-cd65d83628d6,2025-12-22 10:35:33.784,2025-12-22 10:36:08.932,V_lsDwvE2yfT0jofzDLPQ,,,,,,true,,
_Mh_E0rdPiTfPgRVEN4Xe,pYSVk9do5sGuEtQ4FjTlP,OPERATIONAL,Reporting tierce,"Rédaction du compte rendu de la réunion ODILLON ",PUNCTUAL,1,2025-11-27 23:00:00,2025-11-27 23:00:00,2.5,COMPLETED,407c3fa8-1bea-4b17-98ce-99ed250c385a,2025-11-28 08:47:28.96,2025-11-28 10:39:08.612,McnnWnKsgYtSzegv4VYMy,,,,,,true,,
-3oiioU4x8bXBAEfGz7y_,IhvwGsOXDKksbHczStnBR,REPORTING,Rapport mensuel,"Rapport mensuel d'activité RH : Finalisation du rapport mensuel ",MONTHLY,1,2025-11-25 23:00:00,2025-11-25 23:00:00,4,IN_PROGRESS,c602b05d-44b3-4e68-803b-6e5d96337bda,2025-12-01 14:53:28.266,2025-12-01 14:53:28.266,B2UX3tqbeXdTrY19nWqbm,,,,,,true,,
-eIasPTPRx49TqfDb43MH,VPfxEMuzv9rvRvQGKEzlz,REPORTING,AUTRES - Contrôle et Reporting,"Rapport d'analyse de la grille ",WEEKLY,1,2025-11-18 13:16:26.985,2025-11-18 13:16:26.985,3,IN_PROGRESS,37eb303c-25b6-4700-9da1-22fedc8c13bd,2025-11-18 13:18:40.11,2025-11-18 13:18:40.11,FCOPZkEmA75QunDAhHUVy,,,,,,true,,
-EYGBoJZKcA-q9yIEnf82,et0Iqvfq1iKkM2gUdIOT4,OPERATIONAL,Session de coaching,Sessions de coaching individuel ou collectif : Sur la stratégie du Capital Humain 2026,PUNCTUAL,1,2025-11-19 23:00:00,2025-11-19 23:00:00,1.5,COMPLETED,24d28e57-4c90-4c8a-8599-1d223d4bd504,2025-11-21 10:13:48.665,2025-11-21 15:49:24.659,BD0vwb4YIMOnNqx5OcGUr,,,,,,true,,
-IxTg9-Gq6oyuwbQdm0n6,zrpTJcysD55vU_AuXgGnH,OPERATIONAL,AUTRES - Contrôle et Reporting,"Revue des dossiers des stagiaires de septembre et d'octobre : Coaching sur la revue des dossiers à Nadia.
Contrôle de la revue effectuée par Nadia
Mise en forme du fichier 
Dépôt des dossiers des stagiaires à Rénovation 
",MONTHLY,18,2025-11-02 23:00:00,2025-11-04 23:00:00,7,COMPLETED,37eb303c-25b6-4700-9da1-22fedc8c13bd,2025-11-14 15:27:59.043,2025-11-14 16:38:10.833,Hk-7JMmlHiuyNeAzyFuHR,,,,,,true,,
-L1F8vdDsw7vzqgm11ECt,ZeeK_kDoDitp1vamkjtn7,OPERATIONAL,AUTRES - Développement/Learning,"Autres activités de développement et formation :
 Résumé des contrats de travail du code du travail et transmission par courrier
",PUNCTUAL,1,2025-11-28 14:38:26.614,2025-11-28 14:38:26.614,2.5,COMPLETED,79de6ac6-cda7-45d0-a604-cd65d83628d6,2025-11-28 14:44:45.628,2025-11-28 14:44:45.628,NJ6zFgNF0YPr2qQ2i5jrq,,,,,,true,,
-UGcLtKvA1WJc1OojLav4,VPfxEMuzv9rvRvQGKEzlz,REPORTING,AUTRES - Contrôle et Reporting,Rapport d'analyse de la grille salariale de la Caistab,WEEKLY,1,2025-11-16 23:00:00,2025-11-20 23:00:00,4,COMPLETED,37eb303c-25b6-4700-9da1-22fedc8c13bd,2025-11-17 13:02:31.782,2025-11-17 13:02:31.782,mVo8rVlNOlhTorcKJ13zp,,,,,,false,,
0IQ8PUBBwZNbus4qfEsQ0,VJtsKJ_mrhE8B4CChM__e,OPERATIONAL,Rédaction des fiches de poste," mise à jour des fiches de poste ",PUNCTUAL,1,2025-12-21 23:00:00,2025-12-21 23:00:00,4,IN_PROGRESS,26504206-9b6d-47da-8ccd-f7979a46c483,2025-12-23 13:32:08.24,2025-12-23 13:32:08.24,_lm7j8z1_nJkiO9UfzO4m,,,,,,false,,
12FUulmeFlGnEqaIdeEIy,JwGH7d18lVnNxpntYKs7Z,OPERATIONAL,Réunion,Réunion ADG SEEG,DAILY,1,2025-11-09 23:00:00,2025-11-09 23:00:00,1,COMPLETED,,2025-11-10 08:40:21.651,2025-11-10 08:40:21.651,Vi-vadGNEI2PrCjFvK-k-,,,,,,false,,
1Ay4_yTzTWyVetn9zcX3M,p63hpGeKJSTJIA8LM7GbM,OPERATIONAL,AUTRES - Administration,Conception d'un CV mme ZEMOO,PUNCTUAL,1,2025-12-15 23:00:00,2025-12-15 23:00:00,2,IN_PROGRESS,74b05556-0a1c-43da-9ed4-29ccacf137e5,2025-12-19 08:42:40.704,2025-12-19 08:42:40.704,UVrCLQSDlnWqhyve78Md2,,,,,,true,,
1D045ktiymjSXy5dnCBod,et0Iqvfq1iKkM2gUdIOT4,REPORTING,Indicateurs de performance,"Calcul et analyse des indicateurs de performance : Enregistrement des présences des agents de la CDC ",DAILY,4,2025-11-21 10:14:13.855,2025-11-21 10:14:13.855,3,COMPLETED,7734cc30-6935-4598-80b7-ba84c82f5f4e,2025-11-21 10:21:49.711,2025-11-21 10:21:49.711,-k-Y33Lz8tFnkiIhQsku8,,,,,,true,,
1iNulpzWwXLN1OPsaL23y,VJtsKJ_mrhE8B4CChM__e,OPERATIONAL,AUTRES - Développement/Learning,lecture code du travail Titre	3	‐	Des	conditions générales du travail	,PUNCTUAL,1,2025-12-22 23:00:00,2025-12-22 23:00:00,2,IN_PROGRESS,79de6ac6-cda7-45d0-a604-cd65d83628d6,2025-12-23 13:32:34.174,2025-12-23 13:32:34.174,koQ08IYL7BAR4g7GnRjju,,,,,,false,,
1RfbaCWQJkYoFiEnRHkDD,IhvwGsOXDKksbHczStnBR,OPERATIONAL,Dossiers du personnel,"Gestion et mise à jour des dossiers du personnel : mise à jour du fichier du personnel, CDD et Stagiaire",WEEKLY_MONTHLY,3,2025-11-23 23:00:00,2025-12-23 23:00:00,1,COMPLETED,c602b05d-44b3-4e68-803b-6e5d96337bda,2025-12-01 13:26:24.19,2025-12-01 14:31:00.958,B37eLGE_SaHFzIX__OCVv,,,,,,false,,
2vnCzWUA8PAZTHUKY24Hl,IhvwGsOXDKksbHczStnBR,REPORTING,Indicateurs de performance,"Calcul et analyse des indicateurs de performance : 
- Draft du fichier des indicateurs de performance ODILLON 
- Coaching à Nadia sur le renseignement du fichier",WEEKLY_MONTHLY,2,2025-11-24 23:00:00,2025-11-24 23:00:00,2,COMPLETED,7734cc30-6935-4598-80b7-ba84c82f5f4e,2025-12-01 15:14:15.202,2025-12-01 16:17:48.361,SuAf9808Ui4Kbo4BniSBG,,,,,,true,,
3ax82g_J7TD_VMeteLzPs,3nhQjievZsC1dbmH-GKnh,OPERATIONAL,Entretiens de recrutement,Conduite des entretiens de recrutement des chefs de division SEEG,WEEKLY,5,2025-11-22 10:44:21.435,2025-11-22 10:44:21.435,30,IN_PROGRESS,711d85eb-5c70-4dec-8dae-84a65d2f48f7,2025-11-22 10:45:18.754,2025-11-22 10:45:18.754,S5ha0c440aNrfg8torXY5,,,,,,true,,
3HnEz9Ip0MKlDro_fuz7s,ZeeK_kDoDitp1vamkjtn7,OPERATIONAL,AUTRES - Développement/Learning,Autres activités de développement et formation : Lecture du code du travail ( les congés ) et résumé par courrier,PUNCTUAL,1,2025-11-24 23:00:00,2025-11-24 23:00:00,2,COMPLETED,79de6ac6-cda7-45d0-a604-cd65d83628d6,2025-11-26 08:44:51.201,2025-11-26 08:47:31.887,LKuP6eXZ8-ZZxjuNz_hc9,,,,,,true,,
3rOCeMWtMcXbcspv1sf69,cnP49I-MMHv0YbXOBH5KF,REPORTING,Suivi du plan de congé,Suivi et contrôle du plan de congé,WEEKLY,1,2025-12-18 23:00:00,2025-12-18 23:00:00,1.5,COMPLETED,78b3210d-3e7b-43f8-b830-03673185a406,2025-12-22 10:49:59.053,2025-12-22 10:49:59.053,KRJjmH7Gzq6eJ0IWwuoOT,,,,,,true,,
3S-XPkMxfaXZ9no-fJK-1,SQ-jYJ2ZhnyN11qsxRP3J,OPERATIONAL,Projet - Odillon,Projets internes Odillon : Maintenance de la plateforme Chronodil et ajout de nouvelles fonctionnalités.,WEEKLY,5,2025-11-30 23:00:00,2025-12-04 23:00:00,15,IN_PROGRESS,795037cc-d730-4d3e-ab65-533b553d0ab5,2025-12-08 11:21:54.559,2025-12-08 11:21:54.559,-AVIGqZ_JK5VBNStKRTEv,,,,,,false,,
3YAR_xZg0JokGbnG_uK9z,cWlBw0hdFeSqS-BiGFPsp,REPORTING,AUTRES - Contrôle et Reporting,"Autres activités de contrôle et reporting : Préparation du rapport mensuel individuel  du mois de décembre ",MONTHLY,1,2025-12-23 11:56:11.109,2025-12-23 11:56:11.109,1,COMPLETED,37eb303c-25b6-4700-9da1-22fedc8c13bd,2025-12-23 11:58:31.092,2025-12-23 11:58:31.092,5Hl7xwoSat4fcYuEn5Z6h,,,,,,true,,
4dYOIk24-enW9fEDP-nE4,AZYp5ertT0TJjycnRm5Mn,OPERATIONAL,Formation interne Odillon,Mode d'emploi de l'application Chronodill,PUNCTUAL,1,2025-11-05 23:00:00,2025-11-05 23:00:00,2,COMPLETED,24d28e57-4c90-4c8a-8599-1d223d4bd504,2025-11-13 13:00:48.969,2025-11-14 16:23:14.958,aX1yy4Y6e9GCc4QC_eCWO,,,,,,true,,
4JQu-3o6BXvNYB38HVe5t,et0Iqvfq1iKkM2gUdIOT4,OPERATIONAL,AUTRES - Développement/Learning,Autres activités de développement et formation : Moday Motivation,WEEKLY,1,2025-11-16 23:00:00,2025-11-16 23:00:00,1,COMPLETED,79de6ac6-cda7-45d0-a604-cd65d83628d6,2025-11-18 17:59:48.873,2025-11-19 16:33:41.402,D2ppA6BmKXZaPZedC3MLl,,,,,,true,,
5an4eMWO0LAhc2bcI6kU6,yRlRbOWTZl9uRHHgWqnbZ,OPERATIONAL,Formation interne Odillon,Formations internes organisées par Odillon sur la plateforme Chronodil,PUNCTUAL,1,2025-11-09 23:00:00,2025-11-09 23:00:00,1,COMPLETED,24d28e57-4c90-4c8a-8599-1d223d4bd504,2025-11-13 13:48:57.818,2025-11-13 13:48:57.818,Xs4afuRG014HZ91GofEZi,,,,,,true,,
5h9lxyPHYEAJwIXsTrLm4,ZeeK_kDoDitp1vamkjtn7,REPORTING,Indicateurs de performance,Calcul et analyse des indicateurs de performance : Enregistrement des agents de la CDC,WEEKLY,1,2025-11-24 23:00:00,2025-11-24 23:00:00,1,COMPLETED,7734cc30-6935-4598-80b7-ba84c82f5f4e,2025-11-26 08:25:32.55,2025-11-26 08:25:32.55,WTZh7sztTRhyQZBuw6rB8,,,,,,true,,
5OjiUH9MIF7fQjDH5TROr,S0BsD2Y0Ydqcbn8lcY7_P,REPORTING,AUTRES - Contrôle et Reporting,Autres activités de contrôle et reporting,PUNCTUAL,131,2025-12-11 23:00:00,2025-12-11 23:00:00,4,COMPLETED,37eb303c-25b6-4700-9da1-22fedc8c13bd,2025-12-16 07:30:54.714,2025-12-16 07:30:54.714,tfTmiMGLAAOasDfNu7exr,,,,,,true,,
60ubvF7XDefg6IzFOxPXW,I6UCd_Orp7BUYCn7JICJc,OPERATIONAL,Formation interne Odillon,Formations internes organisées par Odillon / Départ pour la SEEG / Formation sur les congés et Chronodil / Retour à la CDC,WEEKLY,2,2025-11-09 23:00:00,2025-11-09 23:00:00,5.5,IN_PROGRESS,24d28e57-4c90-4c8a-8599-1d223d4bd504,2025-11-14 17:28:06.094,2025-11-19 15:58:43.453,Yn-fSjPKUPJAlv_Q5G2oz,,,,,,false,,
69MyrpO2Upqxr98mRy1WR,pYSVk9do5sGuEtQ4FjTlP,OPERATIONAL,Entretiens de recrutement,"Bilan des notes des chefs de Division et classification ",DAILY,1,2025-11-25 23:00:00,2025-11-25 23:00:00,4.5,COMPLETED,711d85eb-5c70-4dec-8dae-84a65d2f48f7,2025-11-27 13:27:11.732,2025-11-27 13:27:11.732,KTOBgV96utg_mQNheuLyM,,,,,,true,,
6jZ6WFtACgpIJijG_ER5F,cnP49I-MMHv0YbXOBH5KF,REPORTING,AUTRES - Contrôle et Reporting,Autres activités de contrôle et reporting : Contrôle sur les pièces à fournir pour les cartes de travail,PUNCTUAL,5,2025-12-15 23:00:00,2025-12-15 23:00:00,1,COMPLETED,37eb303c-25b6-4700-9da1-22fedc8c13bd,2025-12-17 10:41:49.848,2025-12-17 10:41:49.848,C6pOV5Imi9R5HMvNgiwkM,,,,,,true,,
6ua40ZI1zt2mYKbgG4bts,pYSVk9do5sGuEtQ4FjTlP,REPORTING,AUTRES - Contrôle et Reporting,"mise à jour du compte rendu de la réunion de la SEEG ",PUNCTUAL,1,2025-11-27 23:00:00,2025-11-27 23:00:00,1,COMPLETED,37eb303c-25b6-4700-9da1-22fedc8c13bd,2025-11-28 08:32:25.345,2025-11-28 13:57:45.453,SZxBdRcTnWEld0Ww9_tM1,,,,,,true,,
7Hem68w7LCVH6amfhMYzB,wHBwb-wwh-yWwEhU7nwQG,OPERATIONAL,Courrier / Correspondances,"Gestion du courrier et des correspondances : 
Rédaction du fichier sur la modification des catégories de la feuille de temps et transmission
",WEEKLY,1,2025-11-11 23:00:00,2025-11-11 23:00:00,1,COMPLETED,346569b0-86bf-46a3-97e0-35ef9754eba7,2025-11-17 10:31:44.992,2025-11-17 14:30:28.675,cK3ceGsGz862OExRME7DO,,,,,,true,,
7rEGj7FxiWVV9h3nkfISB,VWDraT7dWYWk4Hn181VUN,OPERATIONAL,Formation externe,Formations externes : Formation Cyber sécurité.,PUNCTUAL,1,2025-12-09 13:02:27.397,2025-12-09 13:02:27.397,2.5,COMPLETED,9b4c516e-9c16-4a9c-8dee-4ed34b23df55,2025-12-09 13:04:45.949,2025-12-09 13:04:45.949,oSFmQ4xTGHHotj_MCG9Ke,,,,,,true,,
8bcOr8HOJny9Sy_Jwmik9,OL6h2_B4REFKlgq2rad0O,OPERATIONAL,AUTRES - Administration,Autres activités administratives : Dépôt de la facture du mois de novembre à rénovation,MONTHLY,1,2025-11-21 15:59:54.938,2025-11-21 15:59:54.938,1,COMPLETED,74b05556-0a1c-43da-9ed4-29ccacf137e5,2025-11-21 16:12:30.253,2025-11-21 16:12:30.253,Spa7bPS3zGyYc-vziJvEp,,,,,,true,,
8fGjKkM7rKVgQ4JkkyGNs,wHBwb-wwh-yWwEhU7nwQG,OPERATIONAL,AUTRES - Administration,"Modification sur les catégories de la feuille de temps sur excel ",PUNCTUAL,1,2025-11-11 23:00:00,2025-11-11 23:00:00,1,COMPLETED,74b05556-0a1c-43da-9ed4-29ccacf137e5,2025-11-17 11:06:25.433,2025-11-17 11:19:11.938,RDQv78qs0C-fsDPKUiXX1,,,,,,true,,
8V1gW_7NK5xpNllkd6mFd,-90HwbzlF3pt8Pbl08ACg,REPORTING,AUTRES - Contrôle et Reporting,Autres activités de contrôle et reporting : Mise en place de la V2 du support d'aide et de guide d'utilisation de Chronodil.,PUNCTUAL,1,2025-11-19 23:00:00,2025-11-20 23:00:00,3,COMPLETED,37eb303c-25b6-4700-9da1-22fedc8c13bd,2025-11-28 09:48:08.913,2025-11-28 09:48:08.913,wbIIFLmo2s444G6QDh-Pi,,,,,,false,,
8V6ardugrqesZtiLtc7Tm,Q6yp9rTs_9H0iftuwO6Ws,OPERATIONAL,Recrutement,,PUNCTUAL,,2025-11-02 23:00:00,2025-11-06 23:00:00,96,IN_PROGRESS,,2025-11-05 15:41:03.743,2025-11-05 15:41:03.743,,,,,,,true,,
8z71_WBZrloYaz4uRHhDE,cnP49I-MMHv0YbXOBH5KF,REPORTING,Suivi du plan de congé,"Suivi et contrôle du plan de congé : suivi des plans de congé allant de septembre à novembre ",MONTHLY,3,2025-12-16 23:00:00,2025-12-16 23:00:00,1.5,COMPLETED,78b3210d-3e7b-43f8-b830-03673185a406,2025-12-19 09:39:08.162,2025-12-19 10:03:29.649,F22HqqYuJ3a3-uZcR4rOL,,,,,,true,,
975pnYufp3IC2-tJ8Jw7P,9IvRkKN2Z8nko6ZKhAe0q,OPERATIONAL,Déplacement professionnel externe,Déplacement pour mission professionnelle hors de l'entreprise,DAILY,2,2025-12-14 23:00:00,2025-12-14 23:00:00,2,IN_PROGRESS,20291a8f-1edf-4444-96a6-ccd6c6fb3640,2025-12-15 15:13:47.59,2025-12-15 15:13:47.59,VzaYAWIXeCFicmK_J2DTq,,,,,,false,,
9cF-xxngXwk_V-Oghchq-,p63hpGeKJSTJIA8LM7GbM,OPERATIONAL,Rédaction des fiches de poste,Rédaction et mise à jour des fiches de poste,PUNCTUAL,1,2025-12-14 23:00:00,2025-12-14 23:00:00,4,IN_PROGRESS,26504206-9b6d-47da-8ccd-f7979a46c483,2025-12-19 08:49:45.69,2025-12-19 08:49:45.69,Qd6MNc_lnXGXe0vErH6PA,,,,,,true,,
9wY8n0vmO3Qg1RxCKOscR,LM_axwne3miKCQhQu9ArD,OPERATIONAL,Rapport mensuel,"Rapport mensuel d'activité RH : Assistance de la clotures des corrections du rapport ",MONTHLY,1,2025-12-08 23:00:00,2025-12-08 23:00:00,4,COMPLETED,c602b05d-44b3-4e68-803b-6e5d96337bda,2025-12-23 12:41:52.792,2025-12-23 12:55:39.71,2xsXrFs0G4VLB4sVblY4E,,,,,,true,,
AqGjI3NQyOnEifzE2hn1X,AZYp5ertT0TJjycnRm5Mn,OPERATIONAL,Suivi du plan de congé,Suivi et contrôle du plan de congé,MONTHLY,,2025-11-06 23:00:00,2025-11-06 23:00:00,8,COMPLETED,78b3210d-3e7b-43f8-b830-03673185a406,2025-11-13 13:12:46.299,2025-11-13 13:12:46.299,byC6mHxiYQWBQ7xc2zfml,,,,,,true,,
Ar8zKfujjwawtNJGYqs0B,9IvRkKN2Z8nko6ZKhAe0q,OPERATIONAL,AUTRES - Administration,"Autres activités administratives/Suivi des dépenses du cabinet ",DAILY,2,2025-12-18 23:00:00,2025-12-18 23:00:00,2,IN_PROGRESS,74b05556-0a1c-43da-9ed4-29ccacf137e5,2025-12-22 12:05:00.404,2025-12-22 12:05:00.404,82blfMEaVKN3pbWHZYmx5,,,,,,true,,
asmC70-0GnDYQ-lLSiIsk,LM_axwne3miKCQhQu9ArD,REPORTING,Suivi du plan de congé,"Suivi et contrôle du plan de congé : analyse des congés du mois de novembre ",PUNCTUAL,1,2025-12-07 23:00:00,2025-12-07 23:00:00,1.5,COMPLETED,78b3210d-3e7b-43f8-b830-03673185a406,2025-12-09 18:12:49.899,2025-12-09 18:12:49.899,METsaPeSFKnwEZCWt7Ia7,,,,,,true,,
avMJyd0kzx2h9EasNloGC,pYSVk9do5sGuEtQ4FjTlP,OPERATIONAL,AUTRES - Administration,"lecture et amendements de la procédure de paie Caistab ",PUNCTUAL,1,2025-11-27 15:27:52.318,2025-11-27 15:27:52.318,1.5,COMPLETED,74b05556-0a1c-43da-9ed4-29ccacf137e5,2025-11-28 08:41:21.843,2025-11-28 08:41:21.843,QKQ4ZDCSBKZeSocI283Pf,,,,,,true,,
aWHRD4Pu0OKaHPA6gYhcZ,pYSVk9do5sGuEtQ4FjTlP,OPERATIONAL,AUTRES - Administration,"Feuille de temps hebdomadaire  et planning de la semaine du 24 au 28 novembre
",DAILY,1,2025-11-23 23:00:00,2025-11-23 23:00:00,1.5,COMPLETED,74b05556-0a1c-43da-9ed4-29ccacf137e5,2025-11-25 10:42:20.385,2025-11-25 10:42:20.385,paBpprscyJqlJ5X-RrDCZ,,,,,,false,,
AXBnNhcGRPeCAZdUirCdd,cWlBw0hdFeSqS-BiGFPsp,OPERATIONAL,AUTRES - Développement/Learning,"Autres activités de développement et formation : Lecture des différents compte rendu ",PUNCTUAL,1,2025-12-21 23:00:00,2025-12-21 23:00:00,1.5,COMPLETED,79de6ac6-cda7-45d0-a604-cd65d83628d6,2025-12-23 10:11:11.727,2025-12-23 11:23:59.681,AdpvUy8KoB-26y0SX8Bvj,,,,,,true,,
ayfAxyajjNVyyJvYgYoGC,JwGH7d18lVnNxpntYKs7Z,OPERATIONAL,Formation,Formation sur les congés payés,PUNCTUAL,1,2025-11-09 23:00:00,2025-11-09 23:00:00,3,COMPLETED,,2025-11-10 08:40:14.823,2025-11-22 10:29:35.455,pRhJAxGak4YLLxekp4i57,MEDIUM,3,,,,false,,MOYEN
b7t8fnGX5XGu8EomAooFG,yRlRbOWTZl9uRHHgWqnbZ,REPORTING,AUTRES - Contrôle et Reporting,Contrôles et test de la plateforme Chronodil afin d'identifier les bugs et les erreurs pour pouvoir les corriger par la suite.,DAILY,3,2025-11-09 23:00:00,2025-11-13 23:00:00,3,COMPLETED,37eb303c-25b6-4700-9da1-22fedc8c13bd,2025-11-19 14:56:45.004,2025-11-19 14:56:45.004,oqHSko3JlqU_Ravt1kQQ_,,,,,,true,,
B9k_S4m_8L0knk7Zc340Z,cnP49I-MMHv0YbXOBH5KF,REPORTING,Variables de la paie,"Suivi et contrôle des variables de paie : Revue de la variable de Janvier à Novembre ",MONTHLY,6,2025-12-16 23:00:00,2025-12-16 23:00:00,1.5,COMPLETED,0cb7fc92-34ce-40be-930a-b4897507c81d,2025-12-19 09:32:58.101,2025-12-19 09:32:58.101,cr0NMtJjnYUF8IgxvjosF,,,,,,true,,
BBoZyVofy6eZbLtTMo8ZG,cnP49I-MMHv0YbXOBH5KF,REPORTING,Dossiers du personnel,Gestion et mise à jour des dossiers du personnel : Revue des dossiers des stagiaire de la CDC,WEEKLY,1,2025-12-14 23:00:00,2025-12-14 23:00:00,1,COMPLETED,858ffa4e-ce8a-4b8b-ba01-1747effed93b,2025-12-17 10:02:48.234,2025-12-19 09:07:15.397,4fxHtgPyuIwEMUmHDBSWP,MEDIUM,1,,,,true,,MOYEN
BlyfswYTJ1_CL9oFQ7_fF,xBAwVsFoqNocD6ffJlt95,OPERATIONAL,AUTRES - Développement/Learning,"Lecture de documents sur la procédure de recrutement ",DAILY,1,2025-11-04 23:00:00,2025-11-04 23:00:00,1,COMPLETED,79de6ac6-cda7-45d0-a604-cd65d83628d6,2025-11-17 11:08:32.494,2025-11-17 11:08:32.494,KZxPenBNyQL9aTQVNb_rY,,,,,,true,,
bOH88_hJje7kJgAXlcRKb,LM_axwne3miKCQhQu9ArD,REPORTING,Rapport mensuel,"Rapport mensuel d'activité RH : Cloture et impression des annexes du rapport mensuel ",MONTHLY,1,2025-12-09 23:00:00,2025-12-09 23:00:00,6,COMPLETED,c602b05d-44b3-4e68-803b-6e5d96337bda,2025-12-23 12:30:52.58,2025-12-23 12:55:17.081,kOvGGRmr1-p7vOOQXMqNE,,,,,,true,,
bRb_EX5Eam-eXUpeaVkTE,ZeeK_kDoDitp1vamkjtn7,OPERATIONAL,AUTRES - Développement/Learning,"Autres activités de développement et formation : Lecture du code du travail et résumé ",PUNCTUAL,1,2025-11-25 23:00:00,2025-11-25 23:00:00,3,COMPLETED,79de6ac6-cda7-45d0-a604-cd65d83628d6,2025-11-28 07:36:45.592,2025-11-28 07:37:42.379,RO4f155H-ZWskkLiUwcRj,,,,,,true,,
CaaFGnIvQmAtVs6LEH3t6,et0Iqvfq1iKkM2gUdIOT4,OPERATIONAL,Indicateurs de performance,Calcul et analyse des indicateurs de performance : Liste de présence du 17 au 21 novembre 2025,DAILY,4,2025-11-16 23:00:00,2025-11-20 23:00:00,2,COMPLETED,7734cc30-6935-4598-80b7-ba84c82f5f4e,2025-11-18 10:02:45.529,2025-11-24 15:55:05.845,mcGQjjfKz8tFS28SbLWkH,,,,,,false,,
chQLBv5RMHcItVXgmersD,LM_axwne3miKCQhQu9ArD,REPORTING,Rapport mensuel,"Rapport mensuel d'activité RH : Impression du rapport mensuel du mois de novembre CDC                                                  ",MONTHLY,2,2025-12-09 18:17:42.97,2025-12-09 18:17:42.97,1,COMPLETED,c602b05d-44b3-4e68-803b-6e5d96337bda,2025-12-09 18:22:44.137,2025-12-09 18:22:44.137,o5P5hDDnuHvElkfEANzb-,,,,,,true,,
Ck54VQ61e38Y8YktWXH0J,cnP49I-MMHv0YbXOBH5KF,REPORTING,Suivi du plan de congé,Suivi et contrôle du plan de congé : Suivi du plan des congés du mois de juillet à septembre 2025,WEEKLY,1,2025-12-15 23:00:00,2025-12-15 23:00:00,2,COMPLETED,78b3210d-3e7b-43f8-b830-03673185a406,2025-12-17 10:10:28.636,2025-12-17 10:10:28.636,r307ZvWchz8ltANU0wSVP,,,,,,true,,
ClvcZkxwdOjGITvIPHIAh,q-45gsy2zaVvh5S-4CljW,OPERATIONAL,AUTRES - Administration,Autres activités administratives: Retranscription de la procédure de départ à la retraite au format indiqué,PUNCTUAL,1,2025-12-02 14:39:18.201,2025-12-02 14:39:18.201,2,IN_PROGRESS,74b05556-0a1c-43da-9ed4-29ccacf137e5,2025-12-02 14:41:36.708,2025-12-02 14:41:36.708,xUE2zWLn3niAA0KuJhPl9,,,,,,true,,
CoEBzX1nW3-G1U-nYCXk_,9IvRkKN2Z8nko6ZKhAe0q,OPERATIONAL,Formation interne Odillon,Formations internes organisées par Odillon/Lecture du code du travail,DAILY,1,2025-12-15 15:29:09.887,2025-12-15 15:29:09.887,1,COMPLETED,24d28e57-4c90-4c8a-8599-1d223d4bd504,2025-12-15 15:30:59.778,2025-12-15 15:30:59.778,F0u-DKkiMuYL1L55a5uZo,,,,,,true,,
cseZokjAkYwfkiLURobh7,zpgJWammnaY69c3RppxOi,OPERATIONAL,AUTRES - Projets & Audits,Autres projets et audits,PUNCTUAL,1,2025-11-16 23:00:00,2025-11-20 23:00:00,1,IN_PROGRESS,c2367676-8384-4c72-9eaf-30e1e14f3cda,2025-11-20 16:59:05.781,2025-11-20 16:59:05.781,SPb1YJdag-3h8xshjnslJ,,,,,,false,,
CUowDKfZ5Gj72UZtcjx3k,IhvwGsOXDKksbHczStnBR,REPORTING,Rapport mensuel,"Rapport mensuel d'activité RH : Pré-rapport mensuel ",MONTHLY,1,2025-11-24 23:00:00,2025-11-24 23:00:00,3,IN_PROGRESS,c602b05d-44b3-4e68-803b-6e5d96337bda,2025-12-01 14:48:28.246,2025-12-01 14:48:28.246,xld5xUta5pvg6NwHHq7Fd,,,,,,true,,
CzPmvhjw3sMwbylnakxKt,EQAMxrtH8ZKV6d98iKlWs,OPERATIONAL,Gestion Administrative du Personnel,"2 fiches d'objectifs de l'Institut ",PUNCTUAL,2,2025-11-10 23:00:00,2025-11-10 23:00:00,2,IN_PROGRESS,,2025-11-12 11:18:40.279,2025-11-17 09:51:01.593,uOmSpVZYVgKN931Z5Rwot,MEDIUM,8,,,,true,,MOYEN
D3w_TiD_dBZ6Jx2djnqZ_,zrpTJcysD55vU_AuXgGnH,OPERATIONAL,AUTRES - Administration,Autres activités administratives : Intervention de l'informaticien pour transfère des fichiers d'un ordinateur à l'autre pour récupérer mes fichiers.,PUNCTUAL,1,2025-11-05 23:00:00,2025-11-05 23:00:00,2,COMPLETED,74b05556-0a1c-43da-9ed4-29ccacf137e5,2025-11-14 17:04:24.926,2025-11-14 17:04:24.926,ZlJyyy_HGnh4ldxxAGr-z,,,,,,true,,
dcjCSPbM6Xe9onbUmfMDD,cnP49I-MMHv0YbXOBH5KF,REPORTING,AUTRES - Contrôle et Reporting,Autres activités de contrôle et reporting : Préparation du mémo / Soit transmit,DAILY,1,2025-12-15 23:00:00,2025-12-15 23:00:00,0.5,COMPLETED,37eb303c-25b6-4700-9da1-22fedc8c13bd,2025-12-17 10:34:51.57,2025-12-19 09:08:07.875,1GYVraE11YXccHeO7hvbl,MEDIUM,0.5,,,,true,,MOYEN
DgbW_fEjwNuLfmzoJ5s-Y,IhvwGsOXDKksbHczStnBR,OPERATIONAL,AUTRES - Administration,"Autres activités administratives : 
Revue et mise en forme des procédures : 
- Procédure d'attribution des adresses mail professionnelle
- Guide de mise à jour des signatures 
- Procédure d'inscription chronodil
- Livret d'accueil ODILLON",PUNCTUAL,4,2025-11-26 23:00:00,2025-11-26 23:00:00,3,COMPLETED,74b05556-0a1c-43da-9ed4-29ccacf137e5,2025-12-01 15:10:39.129,2025-12-01 15:10:39.129,ISkVXGaqSlBy8FODFA6TF,,,,,,true,,
DHyLAgyRe_KuC7fIKsYwD,ZeeK_kDoDitp1vamkjtn7,REPORTING,Indicateurs de performance,"Calcul et analyse des indicateurs de performance : Initiation au DRAFT et application ",WEEKLY,1,2025-11-26 23:00:00,2025-11-26 23:00:00,2,COMPLETED,7734cc30-6935-4598-80b7-ba84c82f5f4e,2025-11-28 07:46:47.866,2025-11-28 07:47:13.728,hagRVkWMK9tn7quTxvpeJ,,,,,,true,,
djCW5SgE0OfsRT4D0qdjw,cnP49I-MMHv0YbXOBH5KF,OPERATIONAL,AUTRES - Développement/Learning,Autres activités de développement et formation : Lecture du code du travail chapitre 1-2,PUNCTUAL,1,2025-12-18 23:00:00,2025-12-18 23:00:00,1.5,COMPLETED,79de6ac6-cda7-45d0-a604-cd65d83628d6,2025-12-22 10:43:50.961,2025-12-22 10:48:16.502,moae_xesmjgg4peZA0A7q,,,,,,true,,
dJDl8hyIA_y-rEpiWxYlY,IhvwGsOXDKksbHczStnBR,REPORTING,Evaluation des fin de CDD,"Évaluation en fin de contrat CDD : 
- Contrôle des CDD arrivés à terme ( 3 employés)",WEEKLY_MONTHLY,1,2025-11-25 23:00:00,2025-11-25 23:00:00,0.5,COMPLETED,c38dbae1-e23f-4567-a0ed-8ad75afb211b,2025-12-01 15:58:56.487,2025-12-01 15:58:56.487,x6RjAySdohGLCuyq6o8_g,,,,,,true,,
DnmSOG0XQLu5gnWGDbUgd,p63hpGeKJSTJIA8LM7GbM,OPERATIONAL,Activité tierce,"Réunion ODILLON
",PUNCTUAL,1,2025-12-15 23:00:00,2025-12-15 23:00:00,2,COMPLETED,2cef880b-eec0-4a00-8ff3-42f37580ca41,2025-12-19 08:38:38.83,2025-12-19 08:38:38.83,KDU584KlQ1tbMCNA0y6_A,,,,,,false,,
dR7LPUsNd081fry6_ro_2,VJtsKJ_mrhE8B4CChM__e,OPERATIONAL,Rédaction des fiches d'objectifs,Rédaction des fiches d'objectifs,PUNCTUAL,1,2025-12-23 23:00:00,2025-12-23 23:00:00,2,IN_PROGRESS,790e8e0d-cfdf-464d-a2da-d046392c56de,2025-12-29 08:13:21.622,2025-12-29 08:13:21.622,kUt6AGNT3D5jbtVkFMGwZ,,,,,,true,,
DUew3eiftXFGuEiNdqWr0,pYSVk9do5sGuEtQ4FjTlP,OPERATIONAL,Entretiens de recrutement,Conduite des entretiens de recrutement,DAILY,6,2025-11-24 23:00:00,2025-11-24 23:00:00,7,COMPLETED,711d85eb-5c70-4dec-8dae-84a65d2f48f7,2025-11-27 13:25:18.39,2025-11-27 13:25:18.39,IqoeO_6Lik4PCl4AQmbzT,,,,,,true,,
duQI2xUTCl4SBseCVJl2l,OL6h2_B4REFKlgq2rad0O,OPERATIONAL,Courrier / Correspondances,Gestion du courrier et des correspondances : Rédaction de l'offre de stage d'alternance et attestation de stage de Abigaël NFONO,PUNCTUAL,2,2025-11-20 10:10:07.824,2025-11-20 10:10:07.824,1,COMPLETED,346569b0-86bf-46a3-97e0-35ef9754eba7,2025-11-20 14:53:06.854,2025-11-20 14:53:06.854,8ud71zkQw9x6UNwBo7YpB,,,,,,true,,
DWP0QXe-BTF-07JGvLhGj,SQ-jYJ2ZhnyN11qsxRP3J,OPERATIONAL,Projet - Odillon,Projets internes Odillon : Développement et refont du site web d'Odillon.,PUNCTUAL,5,2025-11-30 23:00:00,2025-12-04 23:00:00,20,IN_PROGRESS,795037cc-d730-4d3e-ab65-533b553d0ab5,2025-12-08 11:21:44.962,2025-12-08 11:21:44.962,NjcskK6flqXf_J7Svz1Gq,,,,,,false,,
dYVFfR4u2E9FQfqZbMMPd,LM_axwne3miKCQhQu9ArD,REPORTING,Rapport mensuel,"Rapport mensuel d'activité RH : Rédaction du rapport mensuel du mois de novembre ",MONTHLY,1,2025-12-09 18:17:42.97,2025-12-09 18:17:42.97,1,COMPLETED,c602b05d-44b3-4e68-803b-6e5d96337bda,2025-12-09 18:19:10.031,2025-12-09 18:44:44.079,4lAJFY3OPkLQs1ayLnsFd,,,,,,true,,
dZ8T7fhCOELGfdISa6Jyo,LM_axwne3miKCQhQu9ArD,REPORTING,AUTRES - Contrôle et Reporting,Autres activités de contrôle et reporting : Mise à jour de liste des stagiaire,PUNCTUAL,1,2025-12-09 18:14:29.368,2025-12-09 18:14:29.368,0.5,COMPLETED,37eb303c-25b6-4700-9da1-22fedc8c13bd,2025-12-09 18:17:22.242,2025-12-09 18:17:22.242,hSl0Ha77RYa7ezOFzABVZ,,,,,,true,,
E2DAg0xLfIi-fM0bAud3f,et0Iqvfq1iKkM2gUdIOT4,OPERATIONAL,Variables de la paie,"Suivi et contrôle des variables de paie : 
-  Correction définitive du rapport mensuel d'octobre et impression 
- Revue et mise en forme des fichiers mis en annexe",MONTHLY,1,2025-11-16 23:00:00,2025-11-18 17:57:13.188,3.5,COMPLETED,0cb7fc92-34ce-40be-930a-b4897507c81d,2025-11-18 18:09:11.031,2025-11-19 16:46:36.283,3-IHBTqgypobcDbXJEXNt,,,,,,true,,
E6y-QTEW8lotYu6spfSRz,plh5ymzYvXy_i7vrRmnKH,OPERATIONAL,AUTRES - Administration,Autres activités administratives: Séance de travail sur le nouveau format de rapport d'activités,PUNCTUAL,1,2025-11-19 23:00:00,2025-11-19 23:00:00,2,COMPLETED,74b05556-0a1c-43da-9ed4-29ccacf137e5,2025-11-21 10:04:16.117,2025-11-21 10:04:16.117,BdxfLvptbhkGyv8enaLfZ,,,,,,false,,
ENoW-kMpii7jY4MD8DBbE,9IvRkKN2Z8nko6ZKhAe0q,OPERATIONAL,Projet - Odillon,Projets internes Odillon/Tournage et montage video,DAILY,3,2025-12-16 23:00:00,2025-12-16 23:00:00,3,COMPLETED,795037cc-d730-4d3e-ab65-533b553d0ab5,2025-12-22 12:01:46.496,2025-12-22 12:01:46.496,5j3hiUD_P6gT4nXClnVVg,,,,,,true,,
ErXn9lrrz_Avf7Wusbxzk,ZeeK_kDoDitp1vamkjtn7,OPERATIONAL,Rapport mensuel,Rapport mensuel d'activité RH : Première partie du rapport mensuel de novembre,MONTHLY,1,2025-11-24 15:46:58.103,2025-11-24 15:46:58.103,2,COMPLETED,c602b05d-44b3-4e68-803b-6e5d96337bda,2025-11-24 15:51:02.924,2025-11-28 07:21:49.807,k8ZJESSLRW2d5Kghp41HA,,,,,,true,,
ETw3cfy81XJgCLgdmqDYV,I6UCd_Orp7BUYCn7JICJc,OPERATIONAL,Rédaction des fiches de poste,"Rédaction et mise à jour des fiches de poste : 
- Coaching sur a rédaction de fiche de poste à Nadia
- Rédaction de la fiche de poste Secrétaire SG 
- Mise à jour du fichier sur l'état des fiches de poste et d'objectif 
- point sur le statut de rédaction des fiches et ""Correction du point demandé par Madame""",PUNCTUAL,2,2025-11-11 23:00:00,2025-11-11 23:00:00,6.5,COMPLETED,26504206-9b6d-47da-8ccd-f7979a46c483,2025-11-17 13:55:01.23,2025-11-18 17:47:47.593,sNpaAFC_8axeN_EZkpgXj,,,,,,true,,
eujZ3bZBt5Kb1ir0eJY0l,et0Iqvfq1iKkM2gUdIOT4,REPORTING,Rapport mensuel,Rapport mensuel d'activité RH : Vérification et ajout des annexes dans le rapport mensuel,MONTHLY,1,2025-11-17 23:00:00,2025-11-17 23:00:00,2,COMPLETED,c602b05d-44b3-4e68-803b-6e5d96337bda,2025-11-19 16:51:45.293,2025-11-19 16:51:45.293,mRktdO5hwNzQTGYGuOYAh,,,,,,true,,
EvB5iQdjgnpAkwVRmbKXu,OL6h2_B4REFKlgq2rad0O,REPORTING,Rapport hebdomadaire,"Rapport hebdomadaire d'activité RH : 
Trame des plannings des activités mensuelles et hebdomadaire et transmission",WEEKLY_MONTHLY,2,2025-11-21 17:35:31.403,2025-11-21 17:35:31.403,0.5,COMPLETED,1450935c-9f41-463a-99d0-302c92dd5761,2025-11-21 17:37:32.446,2025-11-21 17:37:32.446,obrt8alkf58Gl0R2GMfoO,,,,,,true,,
EZnniVYRuPgwVCje0qVIc,pYSVk9do5sGuEtQ4FjTlP,OPERATIONAL,AUTRES - Projets & Audits,"Analyse Grille salariale CAISTAB 
",DAILY,1,2025-11-23 23:00:00,2025-11-23 23:00:00,2.5,IN_PROGRESS,c2367676-8384-4c72-9eaf-30e1e14f3cda,2025-11-25 10:42:25.002,2025-11-25 10:42:25.002,bEgTkA7BQqVb74IichlRX,,,,,,false,,
f9V3FSVWWjnyPJWtiYzgd,cnP49I-MMHv0YbXOBH5KF,OPERATIONAL,AUTRES - Développement/Learning,Autres activités de développement et formation : Convention collectif du commerce,PUNCTUAL,1,2025-12-16 23:00:00,2025-12-16 23:00:00,1.5,COMPLETED,79de6ac6-cda7-45d0-a604-cd65d83628d6,2025-12-19 10:01:05.941,2025-12-22 10:22:24.531,VSCiGoKSa5bt1oxt_tM3A,,,,,,true,,
fc1PO-6TufXGZzgiEvnln,EQAMxrtH8ZKV6d98iKlWs,OPERATIONAL,Formation,"formation sur l'utilisation de chronodil ",WEEKLY,3,2025-11-10 09:12:01.4,2025-11-13 23:00:00,0.5,COMPLETED,,2025-11-10 09:13:08.178,2025-11-17 09:47:44.202,VsmvWJdTPstimUMX_hdo-,MEDIUM,32,,,,true,,MOYEN
FexsDlLtzbXYJC6p4RK7v,6lupVCzdVOKuMf6sP4BmU,REPORTING,Rapport mensuel,Rapport mensuel d'activité RH : Correction et revue complète du rapport mensuel du mois de novembre,MONTHLY,1,2025-12-07 23:00:00,2025-12-07 23:00:00,4,COMPLETED,c602b05d-44b3-4e68-803b-6e5d96337bda,2025-12-09 18:13:20.106,2025-12-09 18:13:20.106,b0bhhXnip3CJN3djnPMef,,,,,,false,,
fG6z1thGCOJ7THUR8Bey5,IhvwGsOXDKksbHczStnBR,OPERATIONAL,AUTRES - Développement/Learning,Autres activités de développement et formation : Réunion ODILLON,PUNCTUAL,1,2025-11-26 23:00:00,2025-11-26 23:00:00,1.5,COMPLETED,79de6ac6-cda7-45d0-a604-cd65d83628d6,2025-12-01 15:04:50.799,2025-12-01 15:04:50.799,HFUKVTPtBVlMNJf9Ns1fC,,,,,,true,,
fMcp4f-v5VGRetmzMosbb,6lupVCzdVOKuMf6sP4BmU,OPERATIONAL,AUTRES - Administration,"Autres activités administratives : Rédaction du rapport d'activité du mois de novembre ",MONTHLY,1,2025-12-09 18:16:05.013,2025-12-09 18:16:05.013,1.5,COMPLETED,74b05556-0a1c-43da-9ed4-29ccacf137e5,2025-12-09 18:17:40.171,2025-12-09 18:17:40.171,9vO-qNXjJ-TTan8Smwg5F,,,,,,true,,
FNcsp_YWXBQdNtIAQaflz,xBAwVsFoqNocD6ffJlt95,OPERATIONAL,Analyse CV des candidats,"Analyse et sélection de 1 CV ",PUNCTUAL,1,2025-11-04 23:00:00,2025-11-04 23:00:00,1,COMPLETED,7b8edc17-f749-479f-839f-099956783ef6,2025-11-17 11:06:43.589,2025-11-17 11:06:43.589,C2Y1DetoieFh4prPHbl_i,,,,,,true,,
foRenk6EiNc9oVqcKiS-5,xBAwVsFoqNocD6ffJlt95,OPERATIONAL,AUTRES - Développement/Learning,"Lecture des documents sur la procédure de recrutement ",PUNCTUAL,1,2025-11-03 23:00:00,2025-11-03 23:00:00,2,IN_PROGRESS,79de6ac6-cda7-45d0-a604-cd65d83628d6,2025-11-17 11:00:19.77,2025-11-17 11:07:26.464,unLzLaM07J7MW-BD2Sclt,,,,,,true,,
foWxB5OqrpkQ8yKCDiwgs,EQAMxrtH8ZKV6d98iKlWs,REPORTING,Reporting divers,"Transmission des documents sur la nouvelle grille salariale ",WEEKLY,1,2025-11-12 11:12:32.147,2025-11-12 11:12:32.147,0.5,COMPLETED,,2025-11-12 11:32:16.693,2025-11-17 09:54:34.41,nslpnpQEPQ7Fw37tuc57Z,,,,,,true,,
fs4tZ5uS7Yvn7ZBK1eN8i,p63hpGeKJSTJIA8LM7GbM,OPERATIONAL,Rédaction des fiches de poste,Rédaction et mise à jour des fiches de poste,PUNCTUAL,1,2025-12-19 09:06:28.654,2025-12-19 09:06:28.654,3,COMPLETED,26504206-9b6d-47da-8ccd-f7979a46c483,2025-12-19 09:09:06.557,2025-12-19 09:09:06.557,_toJLfHH6Xq9vea2TKZCE,,,,,,true,,
FtuVAioCJh_C1LqCOiztb,OL6h2_B4REFKlgq2rad0O,REPORTING,Indicateurs de performance,Calcul et analyse des indicateurs de performance : Ebauche du fichier pour le cabinet,WEEKLY_MONTHLY,1,2025-11-16 23:00:00,2025-11-16 23:00:00,1.5,IN_PROGRESS,7734cc30-6935-4598-80b7-ba84c82f5f4e,2025-11-18 18:01:58.23,2025-11-19 17:12:55.138,PSXS6KplsbyVeChmkysGg,,,,,,true,,
FXAJzQ3swMxGiT2U81U5t,uEw2JOGCS48WADhQTjScf,OPERATIONAL,Rédaction des fiches d'objectifs,Rédaction des fiches d'objectifs de l'Institut,PUNCTUAL,5,2025-12-02 08:08:24.495,2025-12-02 08:08:24.495,4,COMPLETED,790e8e0d-cfdf-464d-a2da-d046392c56de,2025-12-02 11:52:39.289,2025-12-02 11:52:39.289,w8W8qCp5Yi04dEd5A1j5F,,,,,,true,,
Gc23lItr3NwAvgjS4uHvR,cnP49I-MMHv0YbXOBH5KF,REPORTING,AUTRES - Contrôle et Reporting,Autres activités de contrôle et reporting :  réunion des agents ODILLON à kazzet,PUNCTUAL,1,2025-12-15 23:00:00,2025-12-15 23:00:00,1,COMPLETED,37eb303c-25b6-4700-9da1-22fedc8c13bd,2025-12-17 10:06:19.786,2025-12-17 10:06:19.786,tB4mbFmC7Xf71a32MWU78,,,,,,true,,
GhYzweJJz95A-X9YAmLOg,ZeeK_kDoDitp1vamkjtn7,OPERATIONAL,Indicateurs de performance,Calcul et analyse des indicateurs de performance : Liste de présence des agent d' Odillon,MONTHLY,4,2025-11-23 23:00:00,2025-11-27 23:00:00,2,COMPLETED,7734cc30-6935-4598-80b7-ba84c82f5f4e,2025-11-24 15:42:46.284,2025-11-26 08:34:17.663,zesA153uzkV8KsVuk4x5m,,,,,,false,,
GMs5s0Sk-hV37ntGdWp06,OL6h2_B4REFKlgq2rad0O,OPERATIONAL,Dossiers du personnel,Gestion et mise à jour des dossiers du personnel : Mise à jour des fichiers : Liste du personnel / Stagiaire / CDD via les variables de la paie de juin 2025 à octobre 2025,WEEKLY_MONTHLY,10,2025-11-19 16:02:09.783,2025-11-19 16:02:09.783,5.5,COMPLETED,858ffa4e-ce8a-4b8b-ba01-1747effed93b,2025-11-19 16:09:41.14,2025-11-19 16:10:42.575,SoH9lpKUSmE6TRUE5N8G8,,,,,,true,,
GrFFbOU5N9TaesvFjHp66,OL6h2_B4REFKlgq2rad0O,OPERATIONAL,Session de coaching,Sessions de coaching individuel ou collectif : Présentation de la stratégie du Capital Humain 2026 par Madame Nathalie.,PUNCTUAL,1,2025-11-20 10:01:21.786,2025-11-20 10:01:21.786,1,COMPLETED,e7387107-cfc6-4f16-98a0-9a479cefca31,2025-11-20 10:08:15.482,2025-11-21 17:50:22.732,oxmyWrw8SHNEsr7UZCcp0,,,,,,true,,
GXcqOowdh-8DeZ6qXLL3m,6lupVCzdVOKuMf6sP4BmU,REPORTING,Variables de la paie,Suivi et contrôle des variables de paie : Contrôle des variables de la paie et rédaction du rapport de contrôle des variables,MONTHLY,1,2025-12-10 23:00:00,2025-12-11 23:00:00,7,COMPLETED,0cb7fc92-34ce-40be-930a-b4897507c81d,2025-12-16 07:24:28.379,2025-12-16 07:24:28.379,84fS0IsBVF4FGt0Vh5ppZ,,,,,,true,,
H6SeZ5zFHcRzCErAQyAVg,ls6wx9_8QP5-3Xbu7eCyJ,OPERATIONAL,AUTRES - Développement/Learning,Autres activités de développement et formation :  Monday motivation,WEEKLY_MONTHLY,1,2025-12-29 13:09:47.875,2025-12-29 13:09:47.875,0.5,COMPLETED,79de6ac6-cda7-45d0-a604-cd65d83628d6,2025-12-29 13:18:35.645,2025-12-29 13:18:35.645,wREpioGTQ_5UgrVULS4Td,,,,,,true,,
H7nlb9NYOlFZEQSQtWLSg,pYSVk9do5sGuEtQ4FjTlP,REPORTING,AUTRES - Contrôle et Reporting,"Compte rendu de la téunion de la SEEG ",PUNCTUAL,1,2025-11-25 23:00:00,2025-11-25 23:00:00,1.5,COMPLETED,37eb303c-25b6-4700-9da1-22fedc8c13bd,2025-11-27 13:37:59.89,2025-11-27 13:37:59.89,yKlCsThNFdYbxa_p0hdc6,,,,,,true,,
HbFCDeHpFs8GBlHiLA5IZ,p63hpGeKJSTJIA8LM7GbM,REPORTING,AUTRES - Contrôle et Reporting,Compte rendu de la réunion ODILLON,PUNCTUAL,1,2025-12-15 23:00:00,2025-12-15 23:00:00,2,COMPLETED,37eb303c-25b6-4700-9da1-22fedc8c13bd,2025-12-19 08:38:46.383,2025-12-19 08:38:46.383,-nHXPxfeQybvQGE_rLfRs,,,,,,false,,
Hd6vSSpeNF8bio18ol1VH,LM_axwne3miKCQhQu9ArD,REPORTING,Indicateurs de performance,Calcul et analyse des indicateurs de performance : Présence au poste des agents ODILLON,DAILY,1,2025-12-08 23:00:00,2025-12-08 23:00:00,0.5,COMPLETED,7734cc30-6935-4598-80b7-ba84c82f5f4e,2025-12-23 11:14:54.095,2025-12-23 11:14:54.095,8JvMGMUfbuxcPlhWcFWiO,,,,,,true,,
HPheNSLe2iSNrugMgUuZ-,cnP49I-MMHv0YbXOBH5KF,REPORTING,Indicateurs de performance,Calcul et analyse des indicateurs de performance : Présence au poste des agents ODILLON,DAILY,1,2025-12-17 23:00:00,2025-12-17 23:00:00,0.5,COMPLETED,7734cc30-6935-4598-80b7-ba84c82f5f4e,2025-12-19 10:39:46.795,2025-12-19 10:39:46.795,JaNu9N16K4LqLnTbssY0-,,,,,,true,,
hUFXXMD10YLgtVJWdd1qe,-90HwbzlF3pt8Pbl08ACg,OPERATIONAL,Projet - Odillon,Projets internes Odillon : Résolution de Bug liée à la syntaxe Typescript qui causait des erreurs d'affichage à © et bien d'autres modules.,PUNCTUAL,1,2025-11-19 23:00:00,2025-11-20 23:00:00,1.5,COMPLETED,795037cc-d730-4d3e-ab65-533b553d0ab5,2025-11-28 09:48:23.795,2025-11-28 09:48:23.795,j2MZZCmogYaFgOqQFxTLI,,,,,,false,,
HVNTH5qRon2Pvvv1cv9T1,VJtsKJ_mrhE8B4CChM__e,OPERATIONAL,AUTRES - Développement/Learning,"lecture rédaction d'un manuel de procédures ",PUNCTUAL,1,2025-12-21 23:00:00,2025-12-25 23:00:00,2,IN_PROGRESS,79de6ac6-cda7-45d0-a604-cd65d83628d6,2025-12-23 13:32:13.866,2025-12-23 13:32:13.866,JQjw7uJYUa_J6vc9HhpWr,,,,,,false,,
hY9PNpPWF3ej8XuW_SD4m,cnP49I-MMHv0YbXOBH5KF,OPERATIONAL,Dossiers du personnel,"Gestion et mise à jour des dossiers du personnel : Revue des dossiers des employés CDD ",WEEKLY,1,2025-12-14 23:00:00,2025-12-14 23:00:00,1.5,COMPLETED,858ffa4e-ce8a-4b8b-ba01-1747effed93b,2025-12-17 09:23:57.414,2025-12-17 09:24:36.855,5T7T4rnV_ThZKwo3_B7NX,,,,,,true,,
hYM2VHk106jG3ODm3eOWT,et0Iqvfq1iKkM2gUdIOT4,OPERATIONAL,Archivage hebdomadaire,Archivage des documents administratifs : Archivage physique et numérique des fichiers et des documents contrôler / documents de recrutement,WEEKLY,10,2025-11-18 17:57:13.188,2025-11-18 17:57:13.188,1.5,COMPLETED,056b7a88-9a61-4aff-b4e6-aa00e5b5c7ca,2025-11-18 18:14:43.343,2025-11-19 16:48:22.253,XAkEBO-gtVL-MblAPYEa8,,,,,,true,,
I2x6FI5HMzOiqSjohY6RM,uEw2JOGCS48WADhQTjScf,OPERATIONAL,AUTRES - Développement/Learning,"Recherche et auto-formation sur la procédure de paie ",PUNCTUAL,1,2025-11-30 23:00:00,2025-11-30 23:00:00,1.5,IN_PROGRESS,79de6ac6-cda7-45d0-a604-cd65d83628d6,2025-12-01 13:00:21.731,2025-12-01 13:00:21.731,xYwQGtwGZHMmRm82onU_A,,,,,,false,,
IbTORf2eRMXrM-Fg7Lyo2,VPfxEMuzv9rvRvQGKEzlz,OPERATIONAL,AUTRES - Administration,Saisie des données de la grille salariale CAISTAB,WEEKLY,1,2025-11-21 13:32:40.597,2025-11-21 13:32:40.597,5,IN_PROGRESS,74b05556-0a1c-43da-9ed4-29ccacf137e5,2025-11-21 13:35:10.71,2025-11-21 13:35:10.71,PTlsorh5x1Y5mwn0IDhSF,,,,,,true,,
iFOqzqC17Fdcbll1-idur,cnP49I-MMHv0YbXOBH5KF,REPORTING,AUTRES - Contrôle et Reporting,"Autres activités de contrôle et reporting : Revue des dossiers ses stagiaires ",MONTHLY,5,2025-12-17 23:00:00,2025-12-17 23:00:00,0.5,COMPLETED,37eb303c-25b6-4700-9da1-22fedc8c13bd,2025-12-19 10:46:09.121,2025-12-19 10:46:09.121,lD4T7tEDqafZB-JgJT63a,,,,,,true,,
ifPIgVXib8HKsSMJqtxDh,et0Iqvfq1iKkM2gUdIOT4,REPORTING,AUTRES - Contrôle et Reporting,"Autres activités de contrôle et reporting : Mise à jour du fichier des stagiaires CDC ",WEEKLY,1,2025-11-19 17:12:46.986,2025-11-19 17:12:46.986,1.5,COMPLETED,37eb303c-25b6-4700-9da1-22fedc8c13bd,2025-11-19 17:18:41.868,2025-11-19 17:18:41.868,N8AG6wh5VP9tMrzEXqE3t,,,,,,true,,
iGP4z0Xlh2MjUTIKKPtME,pYSVk9do5sGuEtQ4FjTlP,REPORTING,Rapport mensuel,"Rapport mensuel d'activité de novembre 
",MONTHLY,1,2025-11-25 10:44:21.567,2025-11-25 10:44:21.567,2,COMPLETED,c602b05d-44b3-4e68-803b-6e5d96337bda,2025-11-25 10:45:38.613,2025-11-25 10:45:38.613,E9zRT9ZIXO6yfhERhhQ7K,,,,,,true,,
iiKEGySJP-E3BtQpNCY6X,OL6h2_B4REFKlgq2rad0O,OPERATIONAL,Rapport mensuel,"Rapport mensuel d'activité RH : 
- Correction définitive du rapport du mois d'octobre & impression 
- Revue et mise en forme des fichiers mis en annexe selon les remarques
- Déplacement pour dépôt du rapport à Rénovation ",MONTHLY,3,2025-11-16 23:00:00,2025-11-17 23:00:00,5,COMPLETED,c602b05d-44b3-4e68-803b-6e5d96337bda,2025-11-18 17:59:36.824,2025-11-21 17:51:22.613,i9tR1om0I_b4GxHrvD5D0,,,,,,false,,
IIXmz3MWggpwg_0PkyFr5,IhvwGsOXDKksbHczStnBR,REPORTING,AUTRES - Contrôle et Reporting,"Autres activités de contrôle et reporting : 
Contrôle des fins de stage ( 3 stagiaires)",WEEKLY_MONTHLY,1,2025-11-25 23:00:00,2025-11-25 23:00:00,0.5,COMPLETED,37eb303c-25b6-4700-9da1-22fedc8c13bd,2025-12-01 16:00:44.418,2025-12-01 16:00:44.418,OunW4_KOq5WwORFEwvqDy,,,,,,true,,
ijXmWcY0EnAkQn65J_RhF,EQAMxrtH8ZKV6d98iKlWs,OPERATIONAL,Formation interne Odillon,"Formations internes organisées par Odillon 
Formation sur la gestion des congés ",PUNCTUAL,1,2025-11-10 09:06:32.13,2025-11-10 09:06:32.13,3,COMPLETED,,2025-11-10 09:08:33.041,2025-11-17 09:46:30.026,zN1ipzc9MrtGisEoB-_FA,,,,,,true,,
IkuGct52mT_JO2GP2epvx,pYSVk9do5sGuEtQ4FjTlP,OPERATIONAL,AUTRES - Projets & Audits,"Grille salariale Caistab et rapport ",DAILY,1,2025-11-27 15:27:52.318,2025-11-27 15:27:52.318,2.5,COMPLETED,c2367676-8384-4c72-9eaf-30e1e14f3cda,2025-11-28 08:29:33.415,2025-11-28 08:29:33.415,Hwu9Bb0mYZW2mMxADQ4ME,,,,,,true,,
IlOAGltvSjy9VMoeLv_o1,-fkrgbIWpAflQ3fPhsXWP,REPORTING,Contrats de travail,"Gestion des contrats de travail des Directeurs de la SEEG ",DAILY,1,2025-12-07 23:00:00,2025-12-07 23:00:00,6,IN_PROGRESS,2f87a7d2-9690-44af-854d-7a581a36ccb4,2025-12-09 08:39:21.052,2025-12-09 08:39:21.052,luHmtGwv2lFQ0nuCUQHtk,,,,,,false,,
IOkUj_DoIbfZ5RTXtLZL8,oDrI9F7IWYWwkuNfn5doh,REPORTING,Indicateurs de performance,Calcul et analyse des indicateurs de performance : Liste de présence du jour ( 01 Décembre ),DAILY,1,2025-11-30 23:00:00,2025-11-30 23:00:00,0.5,COMPLETED,7734cc30-6935-4598-80b7-ba84c82f5f4e,2025-12-01 12:29:26.478,2025-12-01 12:29:26.478,INLKA57pfJA0-VKxmq5_d,,,,,,false,,
iZMLPm21HKlVd0Ni2_HRQ,ZeeK_kDoDitp1vamkjtn7,REPORTING,Rapport mensuel,Rapport mensuel d'activité RH : Finalisation de la première partie du rapport mensuel,MONTHLY,1,2025-11-26 23:00:00,2025-11-26 23:00:00,2.5,COMPLETED,c602b05d-44b3-4e68-803b-6e5d96337bda,2025-11-28 08:11:04.035,2025-11-28 08:14:55.263,iP3Q3cs4f_RaY6u9TBCt1,,,,,,true,,
JT1PeI9Nc-f7aW0QVxxir,AZYp5ertT0TJjycnRm5Mn,OPERATIONAL,Formation interne Odillon,"Fin de la formation sur la Gestion du Temps et contrôle fait par Madame Eliane ",PUNCTUAL,1,2025-11-05 23:00:00,2025-11-05 23:00:00,2,COMPLETED,24d28e57-4c90-4c8a-8599-1d223d4bd504,2025-11-14 16:51:04.989,2025-11-14 16:51:04.989,f0JZXeh0F4_QId3QOux_-,,,,,,true,,
JZbeScRk5b3CsiwBQWpj2,q-45gsy2zaVvh5S-4CljW,OPERATIONAL,AUTRES - Administration,Autres activités administratives: Mise à jour du plan d'actions ODILLON,PUNCTUAL,1,2025-12-01 14:05:43.466,2025-12-01 14:05:43.466,1.5,COMPLETED,74b05556-0a1c-43da-9ed4-29ccacf137e5,2025-12-01 14:11:21.878,2025-12-01 14:11:21.878,aMw1h8Q3MDVASL8FY9gZ4,,,,,,true,,
Ka7MkgTc18gEJubKARH4W,VPfxEMuzv9rvRvQGKEzlz,OPERATIONAL,AUTRES - Administration,"Saisie des données de grille salariale de la CAISTAB ",WEEKLY,1,2025-11-18 23:00:00,2025-11-18 23:00:00,8,IN_PROGRESS,74b05556-0a1c-43da-9ed4-29ccacf137e5,2025-11-21 13:32:33.048,2025-11-21 13:32:33.048,WOH5oCkAAQk_-8TjfSyRf,,,,,,true,,
kAbRxm0xeJCwIZt2rav2c,uEw2JOGCS48WADhQTjScf,OPERATIONAL,AUTRES - Administration,"Ebauche d'organigramme Institut ",PUNCTUAL,1,2025-12-02 08:08:24.495,2025-12-02 08:08:24.495,1.5,IN_PROGRESS,74b05556-0a1c-43da-9ed4-29ccacf137e5,2025-12-02 13:05:54.273,2025-12-02 13:05:54.273,PL1SkhgovwhNr-ned3KJl,,,,,,true,,
KBvi6OoRWvIrbdDh25OAe,IhvwGsOXDKksbHczStnBR,OPERATIONAL,AUTRES - Développement/Learning,Autres activités de développement et formation : Exploitation du site interne ODILLON avec Déreck,PUNCTUAL,1,2025-11-26 23:00:00,2025-11-26 23:00:00,0.5,COMPLETED,79de6ac6-cda7-45d0-a604-cd65d83628d6,2025-12-01 16:08:50.985,2025-12-01 16:08:50.985,WSlSbwEYKUacEeXnoO3X5,,,,,,true,,
Kepushbf3p62ggPkgM6FR,EQAMxrtH8ZKV6d98iKlWs,OPERATIONAL,Rangement et Archivage,"Archivage des fiches de postes de l'Institut ",PUNCTUAL,1,2025-11-10 23:00:00,2025-11-10 23:00:00,0.5,COMPLETED,,2025-11-12 11:29:10.821,2025-11-17 09:53:15.074,Si48kJaKIroQkiyC-bQBi,,,,,,true,,
KIoMA5TbglnYM-5j74p4t,p63hpGeKJSTJIA8LM7GbM,REPORTING,AUTRES - Contrôle et Reporting,"redaction de feuilles de temps ",PUNCTUAL,1,2025-12-19 08:54:12.371,2025-12-19 08:54:12.371,2,IN_PROGRESS,37eb303c-25b6-4700-9da1-22fedc8c13bd,2025-12-19 08:55:42.159,2025-12-19 08:55:42.159,OdFK7UwFudmg9fhD4hDuZ,,,,,,true,,
kLdv8bI9lOrzbDT1x5yNc,et0Iqvfq1iKkM2gUdIOT4,OPERATIONAL,AUTRES - Administration,Autres activités administratives : Impression des annexes du rapport mensuel,WEEKLY,6,2025-11-17 23:00:00,2025-11-17 23:00:00,1.5,COMPLETED,74b05556-0a1c-43da-9ed4-29ccacf137e5,2025-11-19 17:09:30.287,2025-11-19 17:09:30.287,tcVqFR7C3RKslTRtNbsyq,,,,,,true,,
kWxac3w1iEnD1gjXkmP-D,yRlRbOWTZl9uRHHgWqnbZ,OPERATIONAL,AUTRES - Développement/Learning,Optimisation des options de la plateforme Chronodil : Gestion des options liées à la feuille de temps -- Édition base de donnée,WEEKLY,5,2025-11-19 14:47:15.325,2025-11-19 14:47:15.325,5,COMPLETED,79de6ac6-cda7-45d0-a604-cd65d83628d6,2025-11-19 14:50:29.891,2025-11-28 09:11:31.598,5tqSCEEerqzFqUs5ckgA7,,,,,,true,,
KylJGZCOaGNXZdOmSJkrT,AZYp5ertT0TJjycnRm5Mn,REPORTING,Indicateurs de performance,Calcul et analyse des indicateurs de performance. : Analyse des absences du Mois D'octobre 2025,MONTHLY,1,2025-11-05 23:00:00,2025-11-05 23:00:00,2,COMPLETED,7734cc30-6935-4598-80b7-ba84c82f5f4e,2025-11-14 17:11:10.25,2025-11-14 17:11:10.25,lUS7tWp5m9ch7U-KYtbBC,,,,,,true,,
ldqPU1vMbReChm8hwwSpa,LM_axwne3miKCQhQu9ArD,OPERATIONAL,Indicateurs de performance,Calcul et analyse des indicateurs de performance : Présence au poste des agents ODILLON,MONTHLY,1,2025-12-07 23:00:00,2025-12-07 23:00:00,0.5,COMPLETED,7734cc30-6935-4598-80b7-ba84c82f5f4e,2025-12-09 17:54:49.108,2025-12-09 18:02:06.08,vpV7Q2TcWlRjQ_GrLC1AO,MEDIUM,0.5,,,,false,,MOYEN
lrN9Z050iO5XM86d6UBk-,xBAwVsFoqNocD6ffJlt95,REPORTING,Rapport mensuel,"Rapport mensuel d'activité RH d'octobre ",MONTHLY,1,2025-11-03 23:00:00,2025-11-03 23:00:00,1,COMPLETED,c602b05d-44b3-4e68-803b-6e5d96337bda,2025-11-17 10:55:23.056,2025-11-17 11:00:47.784,yCyu8NKhycffe-_PvhZPq,,,,,,false,,
lsZHxCrCoJ0ulS7Zdwu9Y,wHBwb-wwh-yWwEhU7nwQG,OPERATIONAL,Formation interne Odillon,"Formation sur la Gestion des congés et Chronodil ",PUNCTUAL,1,2025-11-09 23:00:00,2025-11-09 23:00:00,4,COMPLETED,24d28e57-4c90-4c8a-8599-1d223d4bd504,2025-11-13 12:32:22.579,2025-11-19 16:00:17.028,wuvUU97KvPa41-NcZYBkR,,,,,,true,,
md4WYlMVpnBmywo_HaY6L,zrpTJcysD55vU_AuXgGnH,OPERATIONAL,AUTRES - Administration,"Autres activités administratives : Mise en forme du fichier de la revue et transmission du point de la revue à Carmine par mois
Dépôt des dossiers des stagiaires à Rénovation 
Signature des documents auprès de Madame à la SEEG",PUNCTUAL,3,2025-11-04 23:00:00,2025-11-04 23:00:00,5,COMPLETED,74b05556-0a1c-43da-9ed4-29ccacf137e5,2025-11-14 16:57:22.292,2025-11-14 16:58:06.899,fxe8TsgQ_2bA5dJ5ZNqrm,,,,,,true,,
MKXY97AsfT6k1KUEke3vP,SQ-jYJ2ZhnyN11qsxRP3J,OPERATIONAL,Déplacement professionnel externe,Déplacement pour mission professionnelle hors de l'entreprise.,PUNCTUAL,4,2025-12-03 23:00:00,2025-12-03 23:00:00,5,IN_PROGRESS,20291a8f-1edf-4444-96a6-ccd6c6fb3640,2025-12-08 11:22:07.238,2025-12-08 11:22:07.238,Ri2t8ndv1t0dmmGU4vRPt,,,,,,false,,
mW7BQwlGN06UQkOaJ-wPd,wHBwb-wwh-yWwEhU7nwQG,REPORTING,Variables de la paie,Suivi et contrôle des variables de paie,MONTHLY,1,2025-11-12 23:00:00,2025-11-12 23:00:00,3,COMPLETED,37eb303c-25b6-4700-9da1-22fedc8c13bd,2025-11-18 09:46:55.847,2025-11-18 17:51:08.372,YD7Zu2nZ5uPnx0BNy7K8m,,,,,,true,,
mWbzIsm-idL3vUyME6ILP,9IvRkKN2Z8nko6ZKhAe0q,REPORTING,AUTRES - Contrôle et Reporting,Autres activités de contrôle et reporting,DAILY,2,2025-12-15 15:14:59.597,2025-12-15 15:14:59.597,2,IN_PROGRESS,37eb303c-25b6-4700-9da1-22fedc8c13bd,2025-12-15 15:19:54.292,2025-12-15 15:19:54.292,rsoXTCg9xwzSoXe7wjYhW,,,,,,true,,
MWjw9wOeJFL54wDhrlZp7,zrpTJcysD55vU_AuXgGnH,OPERATIONAL,AUTRES - Administration,"Autres activités administratives : Passation d'activités avec Karen / transmission des documents (certificat de travail, solde de tout compte, contrôle du fichier de passation et signature dudit document).",PUNCTUAL,1,2025-11-02 23:00:00,2025-11-02 23:00:00,4,COMPLETED,74b05556-0a1c-43da-9ed4-29ccacf137e5,2025-11-14 15:34:07.872,2025-11-19 16:01:21.147,9fFPa7Ca1wFN7y28S2qph,,,,,,true,,
n-pPaAEhsrnpjOfUKDg5T,q-45gsy2zaVvh5S-4CljW,OPERATIONAL,Rédaction des fiches de poste,Rédaction et mise à jour des fiches de poste: Rédaction de deux fiches de poste ODILLON,PUNCTUAL,2,2025-12-01 14:16:13.92,2025-12-01 14:16:13.92,3,IN_PROGRESS,26504206-9b6d-47da-8ccd-f7979a46c483,2025-12-01 14:18:00.408,2025-12-01 14:18:00.408,xHM9f5OdKnOeIyhhuJ0nK,,,,,,true,,
n3xPteaLYY6wx8IB6egqa,cnP49I-MMHv0YbXOBH5KF,OPERATIONAL,Suivi du plan de congé,"Suivi et contrôle du plan de congé : Reclassement des congés sectionnés ",WEEKLY,1,2025-12-17 23:00:00,2025-12-17 23:00:00,2.5,COMPLETED,78b3210d-3e7b-43f8-b830-03673185a406,2025-12-19 10:35:37.608,2025-12-22 10:18:00.741,9tEwgaLduNonkeIzm5zi8,,,,,,true,,
N77eR4JgFDJ4Mbiw1Tlx4,LM_axwne3miKCQhQu9ArD,OPERATIONAL,Rapport mensuel,Rapport mensuel d'activité RH : Revue complète du rapport mensuel et dernière correction du rapport du mois de novembre,MONTHLY,1,2025-12-07 23:00:00,2025-12-07 23:00:00,4,COMPLETED,c602b05d-44b3-4e68-803b-6e5d96337bda,2025-12-09 18:01:38.324,2025-12-22 10:52:15.7,3aTVYELlhGHIBc5up8ixa,,,,,,true,,
NeStBKGWnvmnYHA7PXqqQ,et0Iqvfq1iKkM2gUdIOT4,OPERATIONAL,Rapport mensuel,Rapport mensuel d'activité RH : Début du rapport mensuel du mois de novembre,MONTHLY,1,2025-11-21 16:04:06.833,2025-11-21 16:04:06.833,2,COMPLETED,c602b05d-44b3-4e68-803b-6e5d96337bda,2025-11-21 16:15:37.244,2025-11-24 13:48:36.149,Svhp6aEbsXT949f6AfMzt,MEDIUM,3,,,,true,,MOYEN
NKiE2tnVhTdi3w6LDCUrS,-90HwbzlF3pt8Pbl08ACg,OPERATIONAL,Projet - Odillon,Projets internes Odillon : Résolution des Bugs liés à la plateforme Chronodil.,WEEKLY,5,2025-11-16 23:00:00,2025-11-20 23:00:00,20,IN_PROGRESS,795037cc-d730-4d3e-ab65-533b553d0ab5,2025-11-28 09:48:04.485,2025-11-28 09:48:04.485,kb_zkssGtimvqECUvoB5G,,,,,,false,,
NkQGqaNmww7VkQsHSVU6j,xBAwVsFoqNocD6ffJlt95,OPERATIONAL,Analyse CV des candidats,"Analyse de 3 CV et remplissage du formulaire d’analyse de CV ",PUNCTUAL,1,2025-11-03 23:00:00,2025-11-03 23:00:00,2.5,COMPLETED,7b8edc17-f749-479f-839f-099956783ef6,2025-11-17 11:02:32.93,2025-11-17 11:02:32.93,fBpRBXLGSmM-UcFx71Slr,,,,,,true,,
nl8iJkbRGpud8Q6rH9GWF,p63hpGeKJSTJIA8LM7GbM,OPERATIONAL,Rédaction des fiches de poste,Rédaction et mise à jour des fiches de poste,PUNCTUAL,3,2025-12-16 23:00:00,2025-12-16 23:00:00,5,IN_PROGRESS,26504206-9b6d-47da-8ccd-f7979a46c483,2025-12-19 08:52:11.977,2025-12-19 08:52:11.977,HO0GLTeNGMat26_S58l5f,,,,,,true,,
NqjYK1gWf0FiPeyMkEX1E,EQAMxrtH8ZKV6d98iKlWs,OPERATIONAL,Rangement et Archivage,Archivage des documents de grille salariale de la caistab,PUNCTUAL,1,2025-11-12 11:12:32.147,2025-11-12 11:12:32.147,0.5,COMPLETED,,2025-11-12 11:29:55.564,2025-11-17 09:53:53.887,HD766wc6WMaLpgGNlmyWy,,,,,,true,,
nqYEW3CFwIMGpDjuJyTAF,cWlBw0hdFeSqS-BiGFPsp,REPORTING,Indicateurs de performance,Calcul et analyse des indicateurs de performance : Présences au poste des agents ODILLON,DAILY,1,2025-12-21 23:00:00,2025-12-21 23:00:00,0.5,COMPLETED,7734cc30-6935-4598-80b7-ba84c82f5f4e,2025-12-22 11:02:01.554,2025-12-22 11:02:01.554,NC7PxNId7GVZxI1uW0rXu,,,,,,false,,
NUp5hWK2qwDlSKldGAyg9,uEw2JOGCS48WADhQTjScf,OPERATIONAL,AUTRES - Administration,"Analyse de la procédure de paie de la CAISTAB ",PUNCTUAL,1,2025-11-30 23:00:00,2025-11-30 23:00:00,2,IN_PROGRESS,74b05556-0a1c-43da-9ed4-29ccacf137e5,2025-12-01 13:00:27.793,2025-12-01 13:00:27.793,iMhbxrw9qqQFWEWF24l3G,,,,,,false,,
nXuEVK0e3mz9CkzEfXXD4,wHBwb-wwh-yWwEhU7nwQG,OPERATIONAL,Indicateurs de performance,liste de présence du 11 au 14 novembre 2025,DAILY,4,2025-11-10 23:00:00,2025-11-13 23:00:00,2,COMPLETED,7734cc30-6935-4598-80b7-ba84c82f5f4e,2025-11-14 17:29:11.963,2025-11-17 14:20:49.829,bC2LGt5ZsfZsuWpDFqN-e,MEDIUM,0.5,,,,true,,MOYEN
nzlouwhtDOv6yWLcMmGC3,S0BsD2Y0Ydqcbn8lcY7_P,OPERATIONAL,AUTRES - Administration,Autres activités administratives: Assister à la délibération des candidats externes  retenus à la SEEG,PUNCTUAL,1,2025-12-07 23:00:00,2025-12-07 23:00:00,2,COMPLETED,74b05556-0a1c-43da-9ed4-29ccacf137e5,2025-12-09 15:09:42.365,2025-12-09 15:09:42.365,ppbKcY4XuUxpU1m8KuOno,,,,,,false,,
nZQpDXIJyD8EwS0PxLzmS,LM_axwne3miKCQhQu9ArD,OPERATIONAL,Suivi du plan de congé,Suivi et contrôle du plan de congé,WEEKLY,1,2025-12-09 23:00:00,2025-12-09 23:00:00,1,COMPLETED,78b3210d-3e7b-43f8-b830-03673185a406,2025-12-16 08:04:01.262,2025-12-23 13:03:07.769,JUyvEHj3RAFtFLCb2nmxL,,,,,,true,,
ODRkf1YurJ0xeyMGMXban,-fkrgbIWpAflQ3fPhsXWP,OPERATIONAL,Entretiens de recrutement,"Finalisation du processus de recrutement de la SEEG et sélection des Directeurs externes ",PUNCTUAL,1,2025-12-07 23:00:00,2025-12-07 23:00:00,2.5,COMPLETED,711d85eb-5c70-4dec-8dae-84a65d2f48f7,2025-12-09 08:39:25.858,2025-12-09 08:41:56.516,9kdJZShYaHSQBp9R9JSgJ,,,,,,false,,
OG_a1sJSXLmOpGSHqGImv,S0BsD2Y0Ydqcbn8lcY7_P,OPERATIONAL,Déplacement professionnel externe,Déplacement pour mission professionnelle hors de l'entreprise: Dépôt de la facture à la SEEG,PUNCTUAL,1,2025-12-10 14:53:53.977,2025-12-10 14:53:53.977,0.5,COMPLETED,20291a8f-1edf-4444-96a6-ccd6c6fb3640,2025-12-10 14:57:59.624,2025-12-10 14:57:59.624,wu4AsNxzWlXNWBIA26zCQ,,,,,,true,,
ohIvTySr49EMpaO9PkxO5,zrpTJcysD55vU_AuXgGnH,REPORTING,Rapport mensuel,"Rapport mensuel d'activité RH : Correction du rapport mensuel ",MONTHLY,1,2025-11-03 23:00:00,2025-11-03 23:00:00,2,IN_PROGRESS,c602b05d-44b3-4e68-803b-6e5d96337bda,2025-11-14 16:26:26.585,2025-11-14 16:26:26.585,QBz9wfcw88z-pobWv3J3k,,,,,,true,,
onTq6r3KKy_4A_RAqXA8E,9GF7wwM4uEzU5qygnazEe,OPERATIONAL,Renseignement des cartes de travail,"Mise à jour des cartes de travail : 
- Contrôle et correction des carte de travail renseignées par Nadia 
- Rédaction du soit transmis desdits cartes",MONTHLY,2,2025-12-15 23:00:00,2025-12-15 23:00:00,2,COMPLETED,806d3208-8356-4d94-b30d-7aeb72f96761,2025-12-23 10:45:17.69,2025-12-23 10:47:09.688,QrgVpvCEoeruaz-NNY1Ii,,,,,,true,,
OT0ZFdMc6-iC_sbg1xjMd,mYc1tcRZHERJt2XApkSEt,OPERATIONAL,AUTRES - Contrôle et Reporting,Debriefing sur les candidatures des Chef de Divisions retenus,PUNCTUAL,1,2025-11-09 23:00:00,2025-11-09 23:00:00,4,COMPLETED,37eb303c-25b6-4700-9da1-22fedc8c13bd,2025-11-13 13:05:20.922,2025-11-13 13:05:20.922,tFlR8kGlaXMiMbYZJ8eTh,,,,,,false,,
oYRZeWveBRvXOKziLS4xE,ZeeK_kDoDitp1vamkjtn7,REPORTING,Indicateurs de performance,Calcul et analyse des indicateurs de performance : Liste de présence des agents de la CDC,WEEKLY,1,2025-11-25 23:00:00,2025-11-25 23:00:00,1,COMPLETED,7734cc30-6935-4598-80b7-ba84c82f5f4e,2025-11-28 07:25:08.231,2025-11-28 07:25:08.231,q0nwYjh-T-kcCW8_4NL3f,,,,,,true,,
OZHpsS8wTOYjz5JDNnjlB,yRlRbOWTZl9uRHHgWqnbZ,OPERATIONAL,Projet - Odillon,Projets internes Odillon site web,MONTHLY,5,2025-10-31 23:00:00,2025-11-29 23:00:00,20,IN_PROGRESS,795037cc-d730-4d3e-ab65-533b553d0ab5,2025-11-13 13:55:12.696,2025-11-28 09:10:12.935,QTAZ9K0Jau67pI0EjQxVi,MEDIUM,4,,,,true,,MOYEN
p1_nW8D3APKXSq8y2iNHW,uEw2JOGCS48WADhQTjScf,OPERATIONAL,AUTRES - Développement/Learning,"Auto-apprentissage sur le manuel de procédures ",PUNCTUAL,1,2025-12-02 23:00:00,2025-12-02 23:00:00,2,IN_PROGRESS,79de6ac6-cda7-45d0-a604-cd65d83628d6,2025-12-09 08:06:06.589,2025-12-09 08:06:06.589,0pXaRCq_juMaSpHK5JUAI,,,,,,true,,
pa8Pvr-pZLfG1ihdeTF6A,et0Iqvfq1iKkM2gUdIOT4,OPERATIONAL,AUTRES - Administration,"Autres activités administratives : Création d'un formulaire d'absence ",PUNCTUAL,1,2025-11-19 17:12:46.986,2025-11-19 17:12:46.986,2,COMPLETED,74b05556-0a1c-43da-9ed4-29ccacf137e5,2025-11-19 17:21:12.449,2025-11-19 17:21:12.449,ynRqNQnCgu0tqrtoZSHjS,,,,,,true,,
pAuLugpCp82uKfbUAGv_I,q-45gsy2zaVvh5S-4CljW,OPERATIONAL,Rédaction des fiches de poste,Rédaction et mise à jour des fiches de poste,PUNCTUAL,1,2025-12-02 14:42:11.311,2025-12-02 14:42:11.311,2,IN_PROGRESS,26504206-9b6d-47da-8ccd-f7979a46c483,2025-12-02 14:43:07.406,2025-12-02 14:43:07.406,ild7KkB-taiCSoZAqdhNR,,,,,,true,,
PD_JuykQjjFBzcp-1NOPa,VPfxEMuzv9rvRvQGKEzlz,REPORTING,AUTRES - Contrôle et Reporting,Mise à jour du rapport d'analyse de la grille salariale CAISTAB,WEEKLY,1,2025-11-21 13:37:17.951,2025-11-21 13:37:17.951,1,IN_PROGRESS,37eb303c-25b6-4700-9da1-22fedc8c13bd,2025-11-21 13:39:03.155,2025-11-21 13:39:03.155,3xcUrcOu0CMaQs4inyQOE,,,,,,true,,
pDDSBB-K3HrhjQ_7UP2Oc,zrpTJcysD55vU_AuXgGnH,OPERATIONAL,AUTRES - Administration,Autres activités administratives : installation et  Rangement du bureau ODILLON à Kazzet (branchement des appareils par le service informatique et connexion des appareil),PUNCTUAL,3,2025-11-02 23:00:00,2025-11-02 23:00:00,3,COMPLETED,74b05556-0a1c-43da-9ed4-29ccacf137e5,2025-11-14 15:11:32.629,2025-11-14 16:10:33.645,h0v3-NYZFUqeDYOhV3G4t,,,,,,false,,
PEaeCy74OBk0ihcTeh86M,VPfxEMuzv9rvRvQGKEzlz,OPERATIONAL,AUTRES - Administration,Mise à jour grille d'analyse de la grille salariale de la caistab,WEEKLY,1,2025-11-18 13:22:28.753,2025-11-18 13:22:28.753,3,IN_PROGRESS,74b05556-0a1c-43da-9ed4-29ccacf137e5,2025-11-18 13:24:11.401,2025-11-18 13:24:11.401,8fxicfi61qXcht_pk8FRP,,,,,,true,,
PFHZpO3iURLePiUtFhR75,mYc1tcRZHERJt2XApkSEt,OPERATIONAL,Dossiers du personnel,Récupération des copies des bulletins et des copies de contrat de travail chez Marco,PUNCTUAL,10,2025-11-09 23:00:00,2025-11-09 23:00:00,3,COMPLETED,858ffa4e-ce8a-4b8b-ba01-1747effed93b,2025-11-13 13:05:16.118,2025-11-13 13:05:16.118,0GVNPpehpX3xwYXkeiah_,,,,,,false,,
PHEhE56H_9lnGSj1zh5nO,6lupVCzdVOKuMf6sP4BmU,REPORTING,Rapport mensuel,Rapport mensuel d'activité RH : Collecte du point sur l'accident de voiture de 5 agent CDC auprès de carmine et Prudence & rédaction du point mis à jour dans le rapport.,WEEKLY_MONTHLY,1,2025-12-09 18:18:04.541,2025-12-09 18:18:04.541,1,COMPLETED,c602b05d-44b3-4e68-803b-6e5d96337bda,2025-12-09 18:23:04.782,2025-12-09 18:23:04.782,mbicsM-uu9kGZJQJ6WpuH,,,,,,true,,
pkp565X3-xPPn-QCs8iMH,LM_axwne3miKCQhQu9ArD,REPORTING,Variables de la paie,"Suivi et contrôle des variables de paie : Assistance au controle des variables de la  paie et rédaction du rapport ",MONTHLY,1,2025-12-10 23:00:00,2025-12-10 23:00:00,6,COMPLETED,0cb7fc92-34ce-40be-930a-b4897507c81d,2025-12-23 13:01:04.068,2025-12-23 13:01:04.068,iuQLe9fK1AOON94xNcs8V,,,,,,true,,
pp7XIsK9xxYYU2S9qLMeh,IhvwGsOXDKksbHczStnBR,REPORTING,AUTRES - Contrôle et Reporting,Autres activités de contrôle et reporting : analyse adéquation profil poste,PUNCTUAL,1,2025-11-25 23:00:00,2025-11-25 23:00:00,1,COMPLETED,37eb303c-25b6-4700-9da1-22fedc8c13bd,2025-12-01 15:20:35.052,2025-12-01 15:20:35.052,dZbR5VaOXBWqNKVmH0AMx,,,,,,true,,
Pqs1h-fAx0Eg9tkM_K0u-,-90HwbzlF3pt8Pbl08ACg,OPERATIONAL,Projet - Odillon,Projets internes Odillon : REFACTORISATION de la page paramètres,PUNCTUAL,1,2025-11-19 23:00:00,2025-11-20 23:00:00,5,COMPLETED,795037cc-d730-4d3e-ab65-533b553d0ab5,2025-11-28 09:48:17.837,2025-11-28 09:48:17.837,DmdNP9PI5whP0FbD6B5Ez,,,,,,false,,
pRUlf5Cabev7xF99V6JKS,zrpTJcysD55vU_AuXgGnH,REPORTING,Rapport mensuel,"Rapport mensuel d'activité RH : analyse des congés (contrôle des justificatifs )
Renseignement du fichier de suivi du plan annuel des congés
Coaching à Nadia",MONTHLY,2,2025-11-06 23:00:00,2025-11-06 23:00:00,3,IN_PROGRESS,c602b05d-44b3-4e68-803b-6e5d96337bda,2025-11-14 17:18:28.557,2025-11-14 17:18:28.557,hOekEjBq9IWDH-1d2nx43,,,,,,true,,
PSMt6i0J9NX6Le1BvSh46,yRlRbOWTZl9uRHHgWqnbZ,OPERATIONAL,Projet - Odillon,Projets internes Odillon,DAILY,5,2025-11-09 23:00:00,2025-11-13 23:00:00,4.5,IN_PROGRESS,795037cc-d730-4d3e-ab65-533b553d0ab5,2025-11-13 13:47:09.009,2025-11-19 14:52:36.275,Z_b3tpjVynvl74a4_2ZAY,,,,,,true,,
PUIQKkQaxSnb8WTjPvPUa,LM_axwne3miKCQhQu9ArD,REPORTING,Indicateurs de performance,Calcul et analyse des indicateurs de performance : Présence au poste des agents ODILLON,DAILY,1,2025-12-11 23:00:00,2025-12-11 23:00:00,0.5,COMPLETED,7734cc30-6935-4598-80b7-ba84c82f5f4e,2025-12-23 13:07:12.738,2025-12-23 13:07:12.738,e50x1CvVU0sKc9KG2dItC,,,,,,true,,
pUR29_f-FMVMRUvO0vw6P,xBAwVsFoqNocD6ffJlt95,OPERATIONAL,AUTRES - Administration,"Montage de l'organigramme de l’Institut ",PUNCTUAL,1,2025-11-03 23:00:00,2025-11-03 23:00:00,3,COMPLETED,74b05556-0a1c-43da-9ed4-29ccacf137e5,2025-11-17 11:04:51.699,2025-11-17 11:04:51.699,WlOnhwUyJtNAkrlhZiYLb,,,,,,true,,
PYAqBaX_-VtziKSkyqBLD,cnP49I-MMHv0YbXOBH5KF,OPERATIONAL,Indicateurs de performance,"Calcul et analyse des indicateurs de performance : Présence au poste des agents ODILLON ",DAILY,1,2025-12-17 10:42:31.21,2025-12-17 10:42:31.21,0.5,COMPLETED,7734cc30-6935-4598-80b7-ba84c82f5f4e,2025-12-17 10:44:05.57,2025-12-19 09:09:22.365,25yMYSQlMPV3HUfwrYr7Y,,,,,,true,,
Q-FyBNy0oTMzwQGbNlTo7,VPfxEMuzv9rvRvQGKEzlz,OPERATIONAL,AUTRES - Administration,"Saisie des données de la grille salariale CAISTAB ",WEEKLY,1,2025-11-19 23:00:00,2025-11-19 23:00:00,7,IN_PROGRESS,74b05556-0a1c-43da-9ed4-29ccacf137e5,2025-11-21 13:33:49.005,2025-11-21 13:33:49.005,cfWtsncr0kMUAtaUx8gzZ,,,,,,true,,
q0oxsXEkgNHewwW4t_2r4,njuegKm1fDQh7AGogVmyO,REPORTING,AUTRES - Contrôle et Reporting,Autres activités de contrôle et reporting: contrôle du fichier sur la revalorisation salariale CDC,PUNCTUAL,1,2025-12-14 23:00:00,2025-12-14 23:00:00,3,COMPLETED,37eb303c-25b6-4700-9da1-22fedc8c13bd,2025-12-16 07:44:05.49,2025-12-16 07:44:05.49,nbl5AIvUPsp6vXQXnZqfd,,,,,,false,,
Q5btpOwNAJMFMuKzd6tMY,IhvwGsOXDKksbHczStnBR,OPERATIONAL,Rédaction des fiches d'objectifs,Rédaction des fiches d'objectifs / Rédaction de la fiche d'objection de l'Agent de liaison DGA,WEEKLY_MONTHLY,1,2025-11-24 23:00:00,2025-11-24 23:00:00,1,COMPLETED,790e8e0d-cfdf-464d-a2da-d046392c56de,2025-12-01 14:44:40.735,2025-12-01 14:44:40.735,gcrTJ-L1LK6sDh8uHP4K1,,,,,,true,,
QGKyC8tHJUTwBFMMeNvhY,cnP49I-MMHv0YbXOBH5KF,REPORTING,AUTRES - Contrôle et Reporting,Autres activités de contrôle et reporting : Pyramide des ÂGES,PUNCTUAL,1,2025-12-15 23:00:00,2025-12-15 23:00:00,1,COMPLETED,37eb303c-25b6-4700-9da1-22fedc8c13bd,2025-12-17 10:37:01.441,2025-12-17 10:37:01.441,xHq9Ras7P1z4Ps0p7roVG,,,,,,true,,
qGtk4Pth-hMwEcyuILvOv,OL6h2_B4REFKlgq2rad0O,OPERATIONAL,Dossiers du personnel,"Gestion et mise à jour des dossiers du personnel : 
Point avec Carmine sur le fichier des recrutements de janvier à novembre : comparaison des listes.
Mise à jour du fichier du personnel : retrait de deux (2) noms (départ du mois d'octobre) et ajout de deux (2) intégrations (2)
Contrôle de la mise à jour du ficher des stagiaire effectué par Nadia et complément du du fichier avec les intégrations de stagiaires de la semaine",WEEKLY_MONTHLY,2,2025-11-21 15:59:54.938,2025-11-21 15:59:54.938,2,COMPLETED,858ffa4e-ce8a-4b8b-ba01-1747effed93b,2025-11-21 16:17:20.478,2025-11-21 17:07:43.277,OW15tonCnHZxdEz82HB_t,,,,,,true,,
Qlole4ym2sQ_PHKL-IZxL,et0Iqvfq1iKkM2gUdIOT4,REPORTING,Indicateurs de performance,Calcul et analyse des indicateurs de performance : mise à jour du registre des présences des agents de la CDC,DAILY,3,2025-11-19 23:00:00,2025-11-19 23:00:00,3,COMPLETED,7734cc30-6935-4598-80b7-ba84c82f5f4e,2025-11-21 16:34:02.511,2025-11-21 16:34:02.511,uIFLw-Be7QI9N5WhAQi8r,,,,,,true,,
qNnGYl2H6BdI6tkQOZRXy,S0BsD2Y0Ydqcbn8lcY7_P,REPORTING,AUTRES - Contrôle et Reporting,Autres activités de contrôle et reporting: contrôle des lettres de revalorisation salariale CDC,PUNCTUAL,131,2025-12-10 23:00:00,2025-12-10 23:00:00,5,IN_PROGRESS,37eb303c-25b6-4700-9da1-22fedc8c13bd,2025-12-16 07:28:26.175,2025-12-16 07:28:26.175,wxeN396Tldi_nWooFgY9A,,,,,,true,,
QOcjGQ5U4bqa--xopSo1P,wHBwb-wwh-yWwEhU7nwQG,OPERATIONAL,Formation interne Odillon,Accompagnement dans la rédaction de la fiche de poste par Madame Eliane,PUNCTUAL,1,2025-11-11 23:00:00,2025-11-11 23:00:00,1,COMPLETED,24d28e57-4c90-4c8a-8599-1d223d4bd504,2025-11-17 11:17:52.331,2025-11-17 13:56:43.182,sWSFXVqqNEV6PpLQVuIRP,,,,,,true,,
qq4A6Yote27G5_mFo-BfI,6lupVCzdVOKuMf6sP4BmU,REPORTING,Suivi du plan de congé,"Suivi et contrôle du plan de congé : Analyse des congés du mois de novembre ",MONTHLY,1,2025-12-07 23:00:00,2025-12-07 23:00:00,1.5,COMPLETED,78b3210d-3e7b-43f8-b830-03673185a406,2025-12-09 18:15:44.993,2025-12-09 18:15:44.993,jIjEZ4dvJiv4wl_Y5vEl9,,,,,,true,,
qs-Wtdm8jIpJkQwJLU3ud,cWlBw0hdFeSqS-BiGFPsp,REPORTING,Indicateurs de performance,Calcul et analyse des indicateurs de performance : Draft indicateur RH ODILLON,WEEKLY,1,2025-12-23 11:32:47.9,2025-12-23 11:32:47.9,2,COMPLETED,7734cc30-6935-4598-80b7-ba84c82f5f4e,2025-12-23 11:38:15.193,2025-12-23 11:39:48.739,SmESmp81Ece-_cEf-gToP,,,,,,true,,
quqXCntLBvwvX_8IXQ55T,S0BsD2Y0Ydqcbn8lcY7_P,OPERATIONAL,Rédaction des fiches d'objectifs,Rédaction des fiches d'objectifs,PUNCTUAL,3,2025-12-10 14:53:53.977,2025-12-10 14:53:53.977,2.5,COMPLETED,790e8e0d-cfdf-464d-a2da-d046392c56de,2025-12-10 14:55:57.88,2025-12-10 14:55:57.88,7BnR1wlEJv6wQlOJGOIMG,,,,,,true,,
Qxk8D--l4a-UIBFxUknfg,9GF7wwM4uEzU5qygnazEe,OPERATIONAL,AUTRES - Administration,Autres activités administratives : Rédaction de l'offre d'emploi de Vanessa,PUNCTUAL,1,2025-12-15 23:00:00,2025-12-15 23:00:00,1,COMPLETED,74b05556-0a1c-43da-9ed4-29ccacf137e5,2025-12-23 10:52:02.189,2025-12-23 10:52:02.189,WNQqZhtQFOfu6PbHNfKY0,,,,,,true,,
R3eKKIt_r2OSWvBe3jsiU,OL6h2_B4REFKlgq2rad0O,OPERATIONAL,Archivage hebdomadaire,"Archivage des documents administratifs : 
Archivage physique et numérique des fichiers et documents contrôler / documents de recrutements",WEEKLY,10,2025-11-18 18:00:12.363,2025-11-18 18:00:12.363,1.5,IN_PROGRESS,056b7a88-9a61-4aff-b4e6-aa00e5b5c7ca,2025-11-18 18:05:34.619,2025-11-21 17:52:37.373,LtaJwuFhg9bfEUeczDEDd,,,,,,true,,
rAL0M-7lqwNG-mrtVAb8S,cnP49I-MMHv0YbXOBH5KF,REPORTING,Suivi du plan de congé,"Suivi et contrôle du plan de congé : Revue des congés de janvier à juillet 2025 ",WEEKLY,1,2025-12-14 23:00:00,2025-12-14 23:00:00,2.5,COMPLETED,78b3210d-3e7b-43f8-b830-03673185a406,2025-12-17 09:06:53.016,2025-12-17 09:06:53.016,7Ay3YqFK3dOryRXZ4iDkK,,,,,,true,,
RcreQYPRdHoDEUZJmGtY3,AZYp5ertT0TJjycnRm5Mn,OPERATIONAL,Formation interne Odillon,Prise de connaissance du règlement intérieur du Cabinet ODILLON,PUNCTUAL,1,2025-11-04 23:00:00,2025-11-04 23:00:00,2,COMPLETED,24d28e57-4c90-4c8a-8599-1d223d4bd504,2025-11-14 16:38:00.812,2025-11-14 16:38:00.812,2KlSggyHmwX12uBT_w2Xu,,,,,,true,,
rdKS4MI7mXfZ6UNIlHWiI,pYSVk9do5sGuEtQ4FjTlP,OPERATIONAL,Reporting tierce,"Préparation de la liste de présence à la réunion ",PUNCTUAL,1,2025-11-27 15:27:52.318,2025-11-27 15:27:52.318,1,COMPLETED,407c3fa8-1bea-4b17-98ce-99ed250c385a,2025-11-28 08:36:42.476,2025-11-28 08:36:42.476,TkQq0ipAfnXGi1HE9RGE0,,,,,,true,,
RgSmBj4zkIWJqjecGGL-l,JwGH7d18lVnNxpntYKs7Z,OPERATIONAL,Formation,"Formation sur la feuille de temps. ",PUNCTUAL,1,2025-11-09 23:00:00,2025-11-09 23:00:00,0.5,COMPLETED,,2025-11-10 08:40:29.42,2025-11-10 08:40:29.42,HIMOKu9_e6T3iGoyWrUO2,,,,,,false,,
RhiRhlp2zqMFOlEo8XRwP,q-45gsy2zaVvh5S-4CljW,OPERATIONAL,Déplacement professionnel externe,Déplacement pour mission professionnelle hors de l'entreprise: Déplacement caistab pour récupération des documents,PUNCTUAL,1,2025-12-02 14:34:45.761,2025-12-02 14:34:45.761,3,COMPLETED,20291a8f-1edf-4444-96a6-ccd6c6fb3640,2025-12-02 14:38:48.622,2025-12-02 14:38:48.622,gLs9Mneg7HizEgmD76ryE,,,,,,true,,
ri5RMVQdd8CWu9FmyYpV5,EQAMxrtH8ZKV6d98iKlWs,OPERATIONAL,Veille,"tableau excel de la nouvelle Grille salariale de la caistab ",WEEKLY,3,2025-11-10 23:00:00,2025-11-10 23:00:00,4,COMPLETED,,2025-11-12 11:27:16.427,2025-11-17 09:52:09.09,kqSXWWNykz5BVs745c9P5,,,,,,true,,
rjEiUc6XxmRoI8I4itZxI,LM_axwne3miKCQhQu9ArD,OPERATIONAL,Indicateurs de performance,Calcul et analyse des indicateurs de performance : Présence au poste des agents ODILLON,DAILY,1,2025-12-09 23:00:00,2025-12-09 23:00:00,0.5,COMPLETED,7734cc30-6935-4598-80b7-ba84c82f5f4e,2025-12-23 11:17:01.261,2025-12-23 11:43:46.544,leVbth5BIv-VyQ5sZSzsh,,,,,,true,,
rNiDoqmFu8019w8_6Ng6d,xBAwVsFoqNocD6ffJlt95,OPERATIONAL,Entretiens de recrutement,"Remplissage de la grille des résultats d’entretiens des candidats à la SEEG ",PUNCTUAL,1,2025-11-05 23:00:00,2025-11-05 23:00:00,7,COMPLETED,711d85eb-5c70-4dec-8dae-84a65d2f48f7,2025-11-17 11:11:25.691,2025-11-17 11:11:25.691,E552kcEKJUAkFJg2IOTa2,,,,,,true,,
RPJMTmWoqe9UcWkIkiMqW,VJtsKJ_mrhE8B4CChM__e,OPERATIONAL,Rédaction des fiches d'objectifs,Rédaction des fiches d'objectifs,PUNCTUAL,1,2025-12-23 23:00:00,2025-12-23 23:00:00,2,IN_PROGRESS,790e8e0d-cfdf-464d-a2da-d046392c56de,2025-12-29 08:14:58.955,2025-12-29 08:14:58.955,ML54q8H-8gU9vX-jrxtc-,,,,,,true,,
rX1xcdUxpKGGVjSgiYFzg,I6UCd_Orp7BUYCn7JICJc,REPORTING,Variables de la paie,"Suivi et contrôle des variables de paie / 
- Contrôle des justificatifs reçus
- Contrôle de la lettre de variable 
- Rédaction du rapport de contrôle des variables",MONTHLY,3,2025-11-11 23:00:00,2025-11-12 23:00:00,4,COMPLETED,0cb7fc92-34ce-40be-930a-b4897507c81d,2025-11-17 14:02:22.432,2025-11-17 14:02:22.432,rP7-pEVX2wlXjb7IPEl_z,,,,,,true,,
S-licGGq3ypLl0Gh9av8z,LM_axwne3miKCQhQu9ArD,OPERATIONAL,AUTRES - Administration,Autres activités administratives : Planning hebdomadaire du 08 au 12,WEEKLY,1,2025-12-09 18:45:29.929,2025-12-09 18:45:29.929,1,COMPLETED,74b05556-0a1c-43da-9ed4-29ccacf137e5,2025-12-09 18:48:36.058,2025-12-09 18:48:36.058,o6oh_BCt1s0LxrDawLC_N,,,,,,true,,
s6HpfI8Pg5xcpk6JnMPDX,VWDraT7dWYWk4Hn181VUN,OPERATIONAL,Projet - Odillon,Projets internes Odillon : Développement du site Web d'odillon,WEEKLY,5,2025-12-09 13:02:27.397,2025-12-09 13:02:27.397,5,IN_PROGRESS,795037cc-d730-4d3e-ab65-533b553d0ab5,2025-12-09 13:03:35.298,2025-12-09 13:03:35.298,tT2c_YFTQEXedAcH0S0uH,,,,,,true,,
s86wUgPuoG5iP5RF4wuaU,p63hpGeKJSTJIA8LM7GbM,OPERATIONAL,Rédaction des fiches de poste,mise à jour des fiches de poste,PUNCTUAL,5,2025-12-17 23:00:00,2025-12-17 23:00:00,8,IN_PROGRESS,26504206-9b6d-47da-8ccd-f7979a46c483,2025-12-19 08:53:45.209,2025-12-19 08:53:45.209,CWuAk8ZI24RxZLB8lwXe4,,,,,,true,,
sFnObSJ66VYpPwzNlqv_9,uEw2JOGCS48WADhQTjScf,OPERATIONAL,AUTRES - Développement/Learning,"lecture du code du travail ",PUNCTUAL,1,2025-12-03 11:42:16.686,2025-12-03 11:42:16.686,2,COMPLETED,79de6ac6-cda7-45d0-a604-cd65d83628d6,2025-12-03 13:31:36.879,2025-12-03 13:31:36.879,khgAzMutOag--rCM7y9FT,,,,,,true,,
siIHK8HP1ynueV4t9ZNW1,-90HwbzlF3pt8Pbl08ACg,OPERATIONAL,Déplacement professionnel externe,Déplacement pour mission professionnelle hors de l'entreprise : Dépôt sur carte à faire à ORABANK,PUNCTUAL,1,2025-11-17 23:00:00,2025-11-17 23:00:00,2,COMPLETED,20291a8f-1edf-4444-96a6-ccd6c6fb3640,2025-11-28 09:47:47.151,2025-11-28 09:47:47.151,PGeQM0QfZBLp-OYsPDVy5,,,,,,false,,
SKoqGqJ1RktEriqZWybHb,wHBwb-wwh-yWwEhU7nwQG,OPERATIONAL,Rapport mensuel,Suite et fin de la rédaction du rapport mensuel et correction suite au retour de Madame Glwadys,MONTHLY,1,2025-11-09 23:00:00,2025-11-13 23:00:00,12,COMPLETED,,2025-11-12 16:06:18.587,2025-11-21 18:12:02.483,CQPChMRPUxbTmVnBfTeLR,,,,,,true,,
SoAKD5D1aaUQbknuJ-hLP,zrpTJcysD55vU_AuXgGnH,OPERATIONAL,Activité tierce,"Activité ne rentrant dans aucune catégorie prédéfinie : 
Courses à Mbolo
Encaissement de cheque pour la paie",PUNCTUAL,2,2025-11-02 23:00:00,2025-11-03 23:00:00,2,COMPLETED,2cef880b-eec0-4a00-8ff3-42f37580ca41,2025-11-21 17:58:07.145,2025-11-21 17:58:07.145,dAuS-lP_dIUZp5n-JvhyN,,,,,,true,,
SpNXCLjq5AbMriaiPEcBL,OL6h2_B4REFKlgq2rad0O,REPORTING,Rapport mensuel,Rapport mensuel d'activité RH : Ebauche du rapport mensuel du mois de novembre,MONTHLY,1,2025-11-19 23:00:00,2025-11-21 15:52:04.022,4,IN_PROGRESS,c602b05d-44b3-4e68-803b-6e5d96337bda,2025-11-21 15:57:01.427,2025-11-21 18:03:15.204,G03_9vC5wQBr4I8-wD_Mj,MEDIUM,2.5,,,,true,,MOYEN
SSXuYBdye9PZVoNwZIUEH,IhvwGsOXDKksbHczStnBR,OPERATIONAL,Rédaction des fiches de poste,Rédaction et mise à jour des fiches de poste : fiche de poste Agent de liaison DGA,WEEKLY_MONTHLY,1,2025-11-24 23:00:00,2025-11-24 23:00:00,1,COMPLETED,26504206-9b6d-47da-8ccd-f7979a46c483,2025-12-01 14:43:00.616,2025-12-01 16:18:48.664,CIxZRoPHH_QBGdy6I-L-M,,,,,,true,,
SW12XCoaN1woxD7Jm8plQ,cnP49I-MMHv0YbXOBH5KF,REPORTING,Indicateurs de performance,Calcul et analyse des indicateurs de performance : Présences au poste des agents ODILLON,DAILY,1,2025-12-18 23:00:00,2025-12-18 23:00:00,0.5,COMPLETED,7734cc30-6935-4598-80b7-ba84c82f5f4e,2025-12-22 10:24:49.26,2025-12-22 10:24:49.26,NKz37xZ_d00_J8AXZ-9kI,,,,,,true,,
sw1qp2F720ozDeZO0dy_P,et0Iqvfq1iKkM2gUdIOT4,OPERATIONAL,Formation interne Odillon,"Formations internes organisées par Odillon : Lecture du code du travail ",PUNCTUAL,1,2025-11-17 23:00:00,2025-11-17 23:00:00,1,COMPLETED,24d28e57-4c90-4c8a-8599-1d223d4bd504,2025-11-19 16:55:45.696,2025-11-19 16:55:45.696,6U1USMJqpna7gAUzU45gg,,,,,,true,,
sWY4_U7wTRmylCJhT28Cb,AZYp5ertT0TJjycnRm5Mn,OPERATIONAL,AUTRES - Contrôle et Reporting,"Autres activités de contrôle et reporting :  Revue des dossiers des stagiaire de la CDC ( prise de connaissance du fichier expliquer par Madame Eliane )
Contrôle de la revue par Madame Eliane et mise en forme du fichier",MONTHLY,18,2025-11-02 23:00:00,2025-11-04 23:00:00,7,COMPLETED,37eb303c-25b6-4700-9da1-22fedc8c13bd,2025-11-13 12:50:30.862,2025-11-14 16:09:20.915,uoSgSE7UnRhDasI8wRuw_,,,,,,true,,
T088yzzZCJI1D32IjnizG,9GF7wwM4uEzU5qygnazEe,REPORTING,Rapport mensuel,Rapport mensuel d'activité RH : Mise en place de la pyramide des âges pour le rapport mensuel du mois de décembre.,MONTHLY,1,2025-12-15 23:00:00,2025-12-15 23:00:00,3,COMPLETED,c602b05d-44b3-4e68-803b-6e5d96337bda,2025-12-23 09:05:04.587,2025-12-23 09:05:04.587,KJ7faIBbU92V0DfWrsETE,,,,,,false,,
T1nVD_dO7Cwrsg17RCgIZ,wHBwb-wwh-yWwEhU7nwQG,OPERATIONAL,Rédaction des fiches de poste,Rédaction d'une fiche de poste,PUNCTUAL,1,2025-11-11 23:00:00,2025-11-11 23:00:00,3,COMPLETED,26504206-9b6d-47da-8ccd-f7979a46c483,2025-11-17 10:06:09.855,2025-11-17 13:55:27.79,wbf0_1uqM-8LGNgyoX1NM,,,,,,true,,
TcSAX4e4o3JTg7s5VzOnh,p63hpGeKJSTJIA8LM7GbM,OPERATIONAL,Rédaction des fiches de poste,Rédaction et mise à jour des fiches de poste,PUNCTUAL,1,2025-12-15 23:00:00,2025-12-15 23:00:00,2,IN_PROGRESS,26504206-9b6d-47da-8ccd-f7979a46c483,2025-12-19 08:38:51.632,2025-12-19 08:43:19.232,GJ2cd3dP4q8HmQx5WH8fr,,,,,,false,,
TgYVni4xXRDr_w4x8Xv9V,zrpTJcysD55vU_AuXgGnH,OPERATIONAL,AUTRES - Administration,"Autres activités administratives : Relance à Madame pour validation des offres de stage, certificat et attestation de stage. 
Transmission du règlement intérieur à l'équipe ODILLON / Formation sur a gestion de temps à Nadia
",PUNCTUAL,3,2025-11-06 23:00:00,2025-11-06 23:00:00,0.5,COMPLETED,74b05556-0a1c-43da-9ed4-29ccacf137e5,2025-11-14 17:25:01.944,2025-11-14 17:25:01.944,oViPPEzcoJgcj0eTp1JB3,,,,,,true,,
tMpD7swjYBEDdDoDvFG0L,VJtsKJ_mrhE8B4CChM__e,OPERATIONAL,Rédaction des fiches de poste," mise à jour des fiches de poste",PUNCTUAL,1,2025-12-22 23:00:00,2025-12-22 23:00:00,4,IN_PROGRESS,26504206-9b6d-47da-8ccd-f7979a46c483,2025-12-23 13:32:19.736,2025-12-23 13:32:19.736,P20dCrTQwBl2Td79SRg5R,,,,,,false,,
TUTNYNd_Wu0E0-s25ublO,9mcpcqCKg0JVgwJ7IKSRC,OPERATIONAL,Rédaction des fiches de poste,Rédaction et mise à jour des fiches de poste,DAILY,2,2025-11-30 23:00:00,2025-12-02 23:00:00,4,IN_PROGRESS,26504206-9b6d-47da-8ccd-f7979a46c483,2025-12-03 14:17:45.305,2025-12-03 14:17:45.305,n3WFyuhUpv01Mi9SUi586,,,,,,false,,
U-wx9beJjEMeoGYwKFzez,IhvwGsOXDKksbHczStnBR,OPERATIONAL,Rapport mensuel,"Rapport mensuel d'activité RH : 
- compilation des données du rapport de novembre
- Coaching à Nadia ",MONTHLY,1,2025-11-23 23:00:00,2025-11-23 23:00:00,3.5,COMPLETED,c602b05d-44b3-4e68-803b-6e5d96337bda,2025-12-01 14:34:41.552,2025-12-01 16:22:00.101,kW9hZvhg6lSH7mq9E4ck_,,,,,,true,,
U2OPiaC0Fy-PTtGQbIxuA,VPfxEMuzv9rvRvQGKEzlz,OPERATIONAL,Entretiens de recrutement,"Remplissage de la grille d'entretiens divisionnaires ",PUNCTUAL,1,2025-11-16 23:00:00,2025-11-20 23:00:00,8,IN_PROGRESS,711d85eb-5c70-4dec-8dae-84a65d2f48f7,2025-11-17 13:02:37.541,2025-11-17 13:02:37.541,EAFyRlPtgNHJXf4UoGbkL,,,,,,false,,
U2Q2MwJkhLSxfwuon5zy-,ls6wx9_8QP5-3Xbu7eCyJ,REPORTING,Indicateurs de performance,Calcul et analyse des indicateurs de performance : Présence au poste des agents ODILLON,DAILY,1,2025-12-28 23:00:00,2025-12-28 23:00:00,0.5,COMPLETED,7734cc30-6935-4598-80b7-ba84c82f5f4e,2025-12-29 10:38:27.926,2025-12-29 10:38:27.926,9UuGzBp8_3y0WbEoYMP6u,,,,,,false,,
u4RGlHiPaAsM_O4B23-jG,pYSVk9do5sGuEtQ4FjTlP,OPERATIONAL,AUTRES - Administration,"Mise à jour du concept Monday Motivation ",PUNCTUAL,1,2025-11-27 23:00:00,2025-11-27 23:00:00,0.5,COMPLETED,74b05556-0a1c-43da-9ed4-29ccacf137e5,2025-11-28 08:44:28.918,2025-11-28 08:44:28.918,9l9YigzA0ShfhSNmnp8Fo,,,,,,true,,
U5ZtCpvN2hRoIZ23Ndghv,cnP49I-MMHv0YbXOBH5KF,REPORTING,Indicateurs de performance,Calcul et analyse des indicateurs de performance : Présence au poste des agents ODILLON,DAILY,1,2025-12-15 23:00:00,2025-12-15 23:00:00,0.5,COMPLETED,7734cc30-6935-4598-80b7-ba84c82f5f4e,2025-12-17 10:08:02.453,2025-12-17 10:08:02.453,WcL3AaPDutuNVYQrFlW86,,,,,,true,,
UfqoeFZa1_1T-ugNGpObn,IhvwGsOXDKksbHczStnBR,REPORTING,Periode d'essai,Suivi des périodes d'essai : Contrôle des périodes d'essai ( 2 employés ),WEEKLY_MONTHLY,1,2025-11-25 23:00:00,2025-11-25 23:00:00,0.5,COMPLETED,4201ec70-f2a1-4a8a-b8bc-57c856195863,2025-12-01 16:02:29.074,2025-12-01 16:02:29.074,-VNcnlrZviwCnw2ctc-ch,,,,,,true,,
uH4zNi3jKf5nnVsNBCwdh,Mr-_PBQzIS_YYdURIviwl,REPORTING,AUTRES - Contrôle et Reporting,Autres activités de contrôle et reporting : Finalisation du plan d'action pour Madame Sylvie,PUNCTUAL,1,2025-11-30 23:00:00,2025-12-04 23:00:00,2,COMPLETED,37eb303c-25b6-4700-9da1-22fedc8c13bd,2025-12-01 16:36:07.909,2025-12-01 16:36:07.909,nPctB-3OWCGGy8D-gD48O,,,,,,false,,
uPY4Vj883M2symEJ4wjJ3,I6UCd_Orp7BUYCn7JICJc,OPERATIONAL,Rapport mensuel,"Rapport mensuel d'activité RH : Echange avec le RH pour la collecte des informations manquantes pour finaliser le rapport
Correction du Rapport mensuel suite au retour remarques / lecture et fin du rapport.",MONTHLY,2,2025-11-09 23:00:00,2025-11-13 23:00:00,12,COMPLETED,c602b05d-44b3-4e68-803b-6e5d96337bda,2025-11-14 17:36:18.29,2025-11-21 18:11:52.882,YWLqj_bIEVXhO6jh61hTc,,,,,,true,,
uU4IOcp4kDK--8924VIkF,ZeeK_kDoDitp1vamkjtn7,OPERATIONAL,AUTRES - Développement/Learning,"Autres activités de développement et formation : Lecture des derniers rapports mensuel ",PUNCTUAL,3,2025-11-27 23:00:00,2025-11-27 23:00:00,1.5,COMPLETED,79de6ac6-cda7-45d0-a604-cd65d83628d6,2025-12-01 10:05:19.327,2025-12-01 10:05:19.327,1WUH5JXOL8YMq1TdT-e96,,,,,,true,,
V2b5k9s17h9WmS1liM06B,-90HwbzlF3pt8Pbl08ACg,OPERATIONAL,Activité tierce,Activité ne rentrant dans aucune catégorie prédéfinie : Réalisation des visuels pour les plateformes Facebook et LinkedIn.,PUNCTUAL,2,2025-11-17 23:00:00,2025-11-18 23:00:00,6,COMPLETED,2cef880b-eec0-4a00-8ff3-42f37580ca41,2025-11-28 09:48:00.06,2025-11-28 09:48:00.06,KJ-z-IGU_O55goGBRTB_q,,,,,,false,,
V8FCjf6Vp3Iq5TbUM_6K0,pYSVk9do5sGuEtQ4FjTlP,OPERATIONAL,AUTRES - Développement/Learning,"Lecture du Code du Travail (Des conditions générales du travail Chapitre 1) 
",DAILY,1,2025-11-23 23:00:00,2025-11-23 23:00:00,1.5,COMPLETED,79de6ac6-cda7-45d0-a604-cd65d83628d6,2025-11-25 10:42:15.639,2025-11-25 10:42:15.639,KuSvkT5MFev0cGflASxZW,,,,,,false,,
vaOTZbEMwcv1Sydu9BUsN,6lupVCzdVOKuMf6sP4BmU,OPERATIONAL,AUTRES - Contrôle et Reporting,Autres activités de contrôle et reporting :Clôtures des corrections du rapport mensuel,MONTHLY,2,2025-12-09 18:23:21.194,2025-12-09 23:00:00,4,COMPLETED,37eb303c-25b6-4700-9da1-22fedc8c13bd,2025-12-09 18:26:30.805,2025-12-16 07:45:37.312,rEVaXGgFWdzac_e0FwIdn,,,,,,true,,
vdVw5x1BycSS_MFX8oDa9,9GF7wwM4uEzU5qygnazEe,OPERATIONAL,AUTRES - Administration,Autres activités administratives : Mise à jour du fichier des états des fiches de poste et d'objectifs avec Madame Sylvie,MONTHLY,1,2025-12-17 23:00:00,2025-12-17 23:00:00,2.5,COMPLETED,74b05556-0a1c-43da-9ed4-29ccacf137e5,2025-12-23 11:39:10.302,2025-12-23 11:39:10.302,YbxDPgDCOdZQSSj6NIzyJ,,,,,,true,,
vfkuGDjb_PWt4jDDo-_Pd,IhvwGsOXDKksbHczStnBR,OPERATIONAL,Indicateurs de performance,Calcul et analyse des indicateurs de performance : Collecte des données d'absences du mois en attente des données de la dernière semaine pour le calcul,MONTHLY,1,2025-11-23 23:00:00,2025-11-23 23:00:00,1,IN_PROGRESS,7734cc30-6935-4598-80b7-ba84c82f5f4e,2025-12-01 14:37:07.469,2025-12-01 16:15:19.438,We-5KY-0sHJ-6gQUnkkWL,,,,,,true,,
vPUe_9nhtYCev7Joy33d9,uEw2JOGCS48WADhQTjScf,OPERATIONAL,Activité tierce,"Établissement des planning hebdomadaire et mensuel ",PUNCTUAL,1,2025-11-30 23:00:00,2025-11-30 23:00:00,2,COMPLETED,2cef880b-eec0-4a00-8ff3-42f37580ca41,2025-12-01 13:00:17.031,2025-12-02 08:09:25.215,nXpfUK761KhT3TSdc2HuR,,,,,,false,,
VQ8k-g3fwObDwnUXTdLw5,JwGH7d18lVnNxpntYKs7Z,OPERATIONAL,Formation,"Formation sur la feuille de temps. ",PUNCTUAL,1,2025-11-09 23:00:00,2025-11-09 23:00:00,0.5,COMPLETED,,2025-11-10 08:41:35.396,2025-11-10 08:41:35.396,fPBy_a4i-XaEEX1qeZ3ea,,,,,,false,,
vwGznqOg0_r-TfTEdBKvi,Mr-_PBQzIS_YYdURIviwl,REPORTING,Indicateurs de performance,Calcul et analyse des indicateurs de performance : Revue des données renseignées par Nadia,WEEKLY_MONTHLY,1,2025-12-01 16:36:32.231,2025-12-01 16:36:32.231,0.5,COMPLETED,7734cc30-6935-4598-80b7-ba84c82f5f4e,2025-12-01 16:45:44.791,2025-12-01 16:45:44.791,64BMR0oCnvk17MbKhtP8f,,,,,,true,,
WDF7HziCq9Hkv623Myi2t,6lupVCzdVOKuMf6sP4BmU,OPERATIONAL,AUTRES - Administration,Autres activités administratives :  clôture et impression du rapport et ses annexes / déplacement à glass pour signature des documents joint au rapport et dépôt du rapport à rénovation,PUNCTUAL,3,2025-12-09 23:00:00,2025-12-09 23:00:00,6,COMPLETED,74b05556-0a1c-43da-9ed4-29ccacf137e5,2025-12-16 07:48:08.269,2025-12-16 07:48:08.269,JysW5Cuj8RVhtMR_AcyRL,,,,,,true,,
WeP9dGCxopkqTnjNM8VwA,AZYp5ertT0TJjycnRm5Mn,OPERATIONAL,Formation interne Odillon,Formation sur le mode d'emploi de l'application  Infomaniak superviser par  Dereck,PUNCTUAL,1,2025-11-05 23:00:00,2025-11-05 23:00:00,3,COMPLETED,24d28e57-4c90-4c8a-8599-1d223d4bd504,2025-11-14 17:04:00.862,2025-11-14 17:04:00.862,MgPpC0HmO4GSlf9M2qejN,,,,,,true,,
WF51iH_IiZNA80VDTly5W,yRlRbOWTZl9uRHHgWqnbZ,OPERATIONAL,Formation,Formation sur la gestion des congés,DAILY,1,2025-11-09 23:00:00,2025-11-09 23:00:00,3,COMPLETED,,2025-11-10 09:25:19.3,2025-11-13 13:53:39.782,XW-qkrrQvCMk198Vqc-Nn,MEDIUM,3,,,,false,,MOYEN
wgkvkdThQeV1hVxUt3W1w,AZYp5ertT0TJjycnRm5Mn,OPERATIONAL,AUTRES - Administration,Installation et Rangement du bureau ODILLON à Kazzet,PUNCTUAL,1,2025-11-02 23:00:00,2025-11-02 23:00:00,3,COMPLETED,74b05556-0a1c-43da-9ed4-29ccacf137e5,2025-11-14 16:13:23.139,2025-11-14 16:13:23.139,AhXgY9F0jTqGR97NHbj_0,,,,,,true,,
WM1B2ZwFKYVrKnVdv78nh,-90HwbzlF3pt8Pbl08ACg,OPERATIONAL,Projet - Odillon,Projets internes Odillon : Mise en place du système de notification avec son et alerte dans Chronodil.,PUNCTUAL,1,2025-11-19 23:00:00,2025-11-20 23:00:00,1.5,COMPLETED,795037cc-d730-4d3e-ab65-533b553d0ab5,2025-11-28 09:48:13.429,2025-11-28 09:48:13.429,qaIjJUDlmOipwj6bNisnA,,,,,,false,,
WoFBPDbe-q5v9z1ttHeh_,cnP49I-MMHv0YbXOBH5KF,REPORTING,Indicateurs de performance,Calcul et analyse des indicateurs de performance : présence au poste des agents ODILLON,DAILY,1,2025-12-14 23:00:00,2025-12-14 23:00:00,0.5,COMPLETED,7734cc30-6935-4598-80b7-ba84c82f5f4e,2025-12-16 08:07:43.501,2025-12-16 08:07:43.501,TPveS0eNK-RO0DD1YVNu1,,,,,,false,,
wRdy4WJTaErXxc3qut7Aa,ZeeK_kDoDitp1vamkjtn7,REPORTING,Indicateurs de performance,Calcul et analyse des indicateurs de performance : Enregistrement des présences des agents de la CDC,WEEKLY,1,2025-11-23 23:00:00,2025-11-23 23:00:00,1,COMPLETED,7734cc30-6935-4598-80b7-ba84c82f5f4e,2025-11-26 08:14:21.645,2025-11-26 08:14:21.645,gBqtguuaeRXHedEVpePud,,,,,,true,,
xeVda-ssHU8i_nBpULdrO,cWlBw0hdFeSqS-BiGFPsp,OPERATIONAL,AUTRES - Contrôle et Reporting,"Autres activités de contrôle et reporting : Résumé  du titre 1 de la convention collective ",PUNCTUAL,1,2025-12-23 12:13:34.303,2025-12-23 12:13:34.303,1.5,COMPLETED,37eb303c-25b6-4700-9da1-22fedc8c13bd,2025-12-23 12:16:11.314,2025-12-29 10:33:52.768,ny2k6dWxDLE1nkUyaFD2s,,,,,,true,,
XgDlrk9db-Xs7gbw1w4KS,IhvwGsOXDKksbHczStnBR,OPERATIONAL,Rapport mensuel,"Rapport mensuel d'activité RH : 
- Complément des tâches réalisées par Madame Nathalie
- lecture complète du rapport et transmission",MONTHLY,1,2025-11-26 23:00:00,2025-11-26 23:00:00,2,COMPLETED,c602b05d-44b3-4e68-803b-6e5d96337bda,2025-12-01 14:56:51.721,2025-12-01 14:59:49.406,UF7FDKrs7SoiQ7qUUQQFp,,,,,,true,,
XH9omDJnGTMwRCEcLptXc,ZeeK_kDoDitp1vamkjtn7,REPORTING,Rapport mensuel,Rapport mensuel d'activité RH : Rapport mensuel du mois de novembre,MONTHLY,1,2025-11-25 23:00:00,2025-11-25 23:00:00,3,COMPLETED,c602b05d-44b3-4e68-803b-6e5d96337bda,2025-11-28 07:32:00.778,2025-11-28 07:32:00.778,mBwkRUkORZm8v4oMMTO5C,,,,,,true,,
XJmzlhOOfbpw32vCU01fl,S0BsD2Y0Ydqcbn8lcY7_P,OPERATIONAL,AUTRES - Administration,Autres activités administratives: contrats d'objectifs,PUNCTUAL,5,2025-12-09 15:30:12.277,2025-12-09 15:30:12.277,4,IN_PROGRESS,74b05556-0a1c-43da-9ed4-29ccacf137e5,2025-12-09 15:34:58.56,2025-12-09 15:34:58.56,ahfaXk8yINmuDUBW9edJl,,,,,,true,,
xkHIB_mrTE5GAVDHQO4cs,uEw2JOGCS48WADhQTjScf,OPERATIONAL,Entretiens de recrutement,"délibération des Chefs de Division ",PUNCTUAL,1,2025-12-03 23:00:00,2025-12-03 23:00:00,7,IN_PROGRESS,711d85eb-5c70-4dec-8dae-84a65d2f48f7,2025-12-09 08:15:32.05,2025-12-09 08:32:17.721,t8EeASJLF4FMou3Flr-Ut,,,,,,true,,
XqrCySQHaLbtJ9xZQuHwD,ZeeK_kDoDitp1vamkjtn7,OPERATIONAL,Rapport mensuel,"Rapport mensuel d'activité RH : Première partie du rapport mensuel du mois de novembre ",MONTHLY,1,2025-11-24 23:00:00,2025-11-24 23:00:00,2,COMPLETED,c602b05d-44b3-4e68-803b-6e5d96337bda,2025-11-26 08:27:50.564,2025-11-26 08:45:43.054,tkM9DfUpMOqNwaRgNp8bg,MEDIUM,2,,,,true,,MOYEN
xXbVxjgK7iHMGJ0H_H6qU,EQAMxrtH8ZKV6d98iKlWs,OPERATIONAL,Audit externe (clients),Analyse de la nouvelle grille salariale de la CAISTAB et rédaction de rapport,PUNCTUAL,1,2025-11-13 23:00:00,2025-11-13 23:00:00,7,IN_PROGRESS,d974586d-cab0-498e-a050-a5a33f8a450b,2025-11-17 10:19:51.683,2025-11-17 10:19:51.683,lDtwlna8ne0BsDe-tRZZg,,,,,,true,,
y0Sq3oqHxLfAcR5EA7XAu,xBAwVsFoqNocD6ffJlt95,OPERATIONAL,Entretiens de recrutement,"Présente aux entretiens ",PUNCTUAL,1,2025-11-06 23:00:00,2025-11-06 23:00:00,7,COMPLETED,711d85eb-5c70-4dec-8dae-84a65d2f48f7,2025-11-17 11:13:55.817,2025-11-17 11:13:55.817,vw4qEhvN8sjnEN26Ztdw2,,,,,,true,,
Y9KcE3jLfyLU9_avdi226,pYSVk9do5sGuEtQ4FjTlP,OPERATIONAL,Activité tierce,"Réunion ODILLON ",PUNCTUAL,1,2025-11-27 15:27:52.318,2025-11-27 15:27:52.318,2,COMPLETED,2cef880b-eec0-4a00-8ff3-42f37580ca41,2025-11-28 08:39:49.102,2025-11-28 08:39:49.102,TzaRC-OBslSb_xRxtca_W,,,,,,true,,
Yckn2pRaOzwjSwcPfaiLx,pYSVk9do5sGuEtQ4FjTlP,OPERATIONAL,AUTRES - Projets & Audits,GRille salariale CAISTAB,DAILY,1,2025-11-25 23:00:00,2025-11-25 23:00:00,2,IN_PROGRESS,c2367676-8384-4c72-9eaf-30e1e14f3cda,2025-11-27 13:30:30.807,2025-11-27 13:30:30.807,QEOfm-5AEuXsWHlbkXZ6A,,,,,,true,,
yGkXYYW0_DgcbnkKlyc8E,-90HwbzlF3pt8Pbl08ACg,OPERATIONAL,Déplacement professionnel externe,Déplacement pour mission professionnelle hors de l'entreprise : Mission SEEG,PUNCTUAL,1,2025-11-17 23:00:00,2025-11-17 23:00:00,1.5,COMPLETED,20291a8f-1edf-4444-96a6-ccd6c6fb3640,2025-11-28 09:47:54.347,2025-11-28 09:47:54.347,8lDIpHXVWeeNzQff6eal5,,,,,,false,,
yn39RPHoO_Vdc3h_3xDBa,zrpTJcysD55vU_AuXgGnH,OPERATIONAL,Formation interne Odillon,Formations internes organisées par Odillon : Formation sur CHRONODIL et INFOMANIAK par Déreck,PUNCTUAL,2,2025-11-05 23:00:00,2025-11-05 23:00:00,3,COMPLETED,24d28e57-4c90-4c8a-8599-1d223d4bd504,2025-11-14 17:00:08.742,2025-11-14 17:00:39.531,z4SupXMh0DNvsZ4w5Ygxw,,,,,,true,,
YuUwBlTDWbXaTP6tYOEu7,AZYp5ertT0TJjycnRm5Mn,OPERATIONAL,Formation interne Odillon,Formation sur la Gestion du Temps,PUNCTUAL,1,2025-11-04 23:00:00,2025-11-05 23:00:00,6,COMPLETED,24d28e57-4c90-4c8a-8599-1d223d4bd504,2025-11-13 13:07:00.758,2025-11-14 16:28:08.203,oFjFww-oI_qF95-Qu727Z,,,,,,true,,
yUWtmvbfrSgziEJR7Z47O,EQAMxrtH8ZKV6d98iKlWs,OPERATIONAL,AUTRES - Administration,"Établissement des classeurs excel de la nouvelle grille salariale de la CAISTAB 
Catégorie/ Poste ",DAILY,1,2025-11-13 11:42:10.93,2025-11-13 11:42:10.93,6,COMPLETED,74b05556-0a1c-43da-9ed4-29ccacf137e5,2025-11-17 08:03:28.111,2025-11-17 09:58:53.619,6d_E8UdBj8XjTAy4l5DG-,,,,,,true,,
yycW_MTdL06hjQ3Zyx2q9,OL6h2_B4REFKlgq2rad0O,REPORTING,Rapport mensuel,"Rapport mensuel d'activité RH : Impression d'un jet du rapport mensuel pour ADG ",MONTHLY,1,2025-11-20 10:10:07.824,2025-11-20 10:10:07.824,0.5,IN_PROGRESS,c602b05d-44b3-4e68-803b-6e5d96337bda,2025-11-20 11:53:45.826,2025-11-20 11:53:45.826,_4XXWez1EtpM67ZygBYm9,,,,,,true,,
YzAoftPYULTk0Mq7edx4x,wHBwb-wwh-yWwEhU7nwQG,OPERATIONAL,Courrier / Correspondances,Réponse à l'offre de stage,PUNCTUAL,1,2025-11-12 23:00:00,2025-11-12 23:00:00,1,COMPLETED,346569b0-86bf-46a3-97e0-35ef9754eba7,2025-11-17 12:19:45.663,2025-11-17 12:19:45.663,_bS0tnFsaUCQ88ucAKFIx,,,,,,true,,
YZjMSZo5JFxuUdZzEOtQ4,cWlBw0hdFeSqS-BiGFPsp,REPORTING,Indicateurs de performance,Calcul et analyse des indicateurs de performance : Présence au poste des agents ODILLON,DAILY,1,2025-12-23 11:32:47.9,2025-12-23 11:32:47.9,0.5,COMPLETED,7734cc30-6935-4598-80b7-ba84c82f5f4e,2025-12-23 11:34:34.709,2025-12-23 11:34:34.709,V08d2v70tU23expP20oI2,,,,,,true,,
zD2QBHVSPpmr0DmWnkdc0,zrpTJcysD55vU_AuXgGnH,REPORTING,Indicateurs de performance,Calcul et analyse des indicateurs de performance : Analyse des absences du mois d'octobre 2025,MONTHLY,1,2025-11-05 23:00:00,2025-11-05 23:00:00,2,COMPLETED,7734cc30-6935-4598-80b7-ba84c82f5f4e,2025-11-14 17:09:32.883,2025-11-14 17:09:32.883,-kch1P4u38zpY9JlI7o09,,,,,,true,,
zgDBZveE0eWoZO1UK2O0J,zrpTJcysD55vU_AuXgGnH,OPERATIONAL,AUTRES - Administration,"Autres activités administratives : Rédaction de l'offre de stage de Nadia ",PUNCTUAL,1,2025-11-03 23:00:00,2025-11-03 23:00:00,0.5,COMPLETED,74b05556-0a1c-43da-9ed4-29ccacf137e5,2025-11-14 16:47:44.925,2025-11-14 16:49:17.482,1S25CGWNS8Jl68XHNRmlZ,,,,,,true,,
ZHvD2xCgT0ad6xGktkj3_,OL6h2_B4REFKlgq2rad0O,OPERATIONAL,Activité tierce,"Activité ne rentrant dans aucune catégorie prédéfinie : 
Courses à prix import",PUNCTUAL,1,2025-11-19 23:00:00,2025-11-19 23:00:00,1,COMPLETED,2cef880b-eec0-4a00-8ff3-42f37580ca41,2025-11-21 17:59:50.964,2025-11-21 17:59:50.964,i1AbWBrzT6jHuZSY5MW7n,,,,,,true,,
ZjCAHRAj5_XjExK5_a7A6,uEw2JOGCS48WADhQTjScf,OPERATIONAL,Entretiens de recrutement,"CODIR de la SEEG ",PUNCTUAL,1,2025-12-04 23:00:00,2025-12-04 23:00:00,7,COMPLETED,711d85eb-5c70-4dec-8dae-84a65d2f48f7,2025-12-09 08:30:52.056,2025-12-09 08:30:52.056,_mRyeAtncrUm7dLqEewUi,,,,,,true,,
ZotjGh0EVYLnLroez-U2y,cWlBw0hdFeSqS-BiGFPsp,OPERATIONAL,AUTRES - Développement/Learning,Autres activités de développement et formation : Lecture de la convention collective titre 3,PUNCTUAL,1,2025-12-21 23:00:00,2025-12-21 23:00:00,1.5,COMPLETED,79de6ac6-cda7-45d0-a604-cd65d83628d6,2025-12-23 10:13:50.246,2025-12-23 10:14:54.481,OKpkC8fldplMxrR8phwML,,,,,,true,,
Zt-3WQ_q_xzhg7czBnUB8,6lupVCzdVOKuMf6sP4BmU,OPERATIONAL,AUTRES - Administration,"Autres activités administratives : planning hebdomadaire du 8 au 12 décembre ",WEEKLY,1,2025-12-09 18:44:07.381,2025-12-09 18:44:07.381,1,COMPLETED,74b05556-0a1c-43da-9ed4-29ccacf137e5,2025-12-09 18:46:59.313,2025-12-09 18:46:59.313,FBakwDihmDjO6FPXXBv_e,,,,,,true,,
Ztrx1EIGThhjPYO5FuSCA,ZeeK_kDoDitp1vamkjtn7,OPERATIONAL,AUTRES - Contrôle et Reporting,"Autres activités de contrôle et reporting : Réunion des agent du cabinet ODILLON ",PUNCTUAL,1,2025-11-26 23:00:00,2025-11-26 23:00:00,1.5,COMPLETED,37eb303c-25b6-4700-9da1-22fedc8c13bd,2025-11-28 08:05:05.265,2025-12-01 15:04:54.427,3fgAwwOKeueu4O1rRai9O,,,,,,true,,
ZxOdJAjRU3UCZHCE_jlfp,9GF7wwM4uEzU5qygnazEe,OPERATIONAL,AUTRES - Administration,"Autres activités administratives : 
- Mise à jour du ficher du personnel ( deux nouvelles recrues, changement des dates de fin de CDD pour ceux qui ont été reconduits)
- Contrôle et correction du fichier des CDD renseignés par Nadia
- Contrôle du ficher des stagiaires",WEEKLY_MONTHLY,2,2025-12-16 23:00:00,2025-12-16 23:00:00,2,COMPLETED,74b05556-0a1c-43da-9ed4-29ccacf137e5,2025-12-23 11:23:57.329,2025-12-23 11:29:05.822,2i2jAT7yxFhH9BljyDT9P,,,,,,true,,